signature,owner,isSigner,blockTime,platformId,serviceName,fees,success,ticker,address,preBalance,postBalance,balanceChange
vJbFNSdMQKSLRpKeM5J6p8pAZsHocTTJSiWvohpPqgvkPhnTM67kAitufjZrZoL8UVXfCHiDmcAquJLWDbjMzRU,Ckbi1nHQoLEJDLt58rm5EJaqPFsDS6V8FbCs5hYZQuQU,false,2026-05-06T15:08:30.000Z,solana,Transfer,,true,SOL,11111111111111111111111111111111,0.056481326,0.056491326,0.00001
2Xh34uJBZGvSDDik2dBjQfvbTJfJSFAzJRLivaGecSDB2s6cFBo5D6aAtTMNz3ZF5AaqV7JAUneM1gSxzxVDGTVn,Ckbi1nHQoLEJDLt58rm5EJaqPFsDS6V8FbCs5hYZQuQU,false,2026-05-06T14:57:57.000Z,solana,Transfer,,true,PYTH,HZ1JovNiVvGrGNiiYvEozEVgZ58xaU3RKwX8eACQBCt3,79.751126,48370.751126,48291
3EYMjqs4fKA4g5vyxE8VUEQAvg7BjVnCCTAijrDGZfdUM3LrtAaerDGzejjHRXrk2RNTpTop2uT2jWGtGM3coimg,Ckbi1nHQoLEJDLt58rm5EJaqPFsDS6V8FbCs5hYZQuQU,false,2026-04-24T09:21:19.000Z,solana,Transfer,,true,SOL,11111111111111111111111111111111,0.056471326,0.056481326,0.00001
RC2qr8HjcSfbLXUc3B6iAx7ZK8Z7LrXene4dPd8aAXjb946GMEYeEPUAc5T27kMwYaThbhMHmegqfx6ZtcshhsK,Ckbi1nHQoLEJDLt58rm5EJaqPFsDS6V8FbCs5hYZQuQU,false,2026-03-29T14:38:29.000Z,solana,Transfer,,true,SOL,11111111111111111111111111111111,0.056621322,0.056631322,0.00001
4ZBAS6hQjRRd4FUS9p9wT2iJ9gYGMePxNKBDuMc96p9TTR25m5wPLY8R4VskapDN6vfTtDcPW4J7DJGTu1bCXUae,Ckbi1nHQoLEJDLt58rm5EJaqPFsDS6V8FbCs5hYZQuQU,false,2026-02-27T10:49:34.000Z,solana,Transfer,,true,SOL,11111111111111111111111111111111,0.056771318,0.056781318,0.00001
3GcFXLq8CK6WjQhGg5GYXf8by3Wef8NB5XS8bvH7aHoYLQdiCk7J86bNhYK6esY45FhDmqsPK1YvP51awqavECsv,Ckbi1nHQoLEJDLt58rm5EJaqPFsDS6V8FbCs5hYZQuQU,false,2026-02-27T10:49:27.000Z,solana,Transfer,,true,SOL,11111111111111111111111111111111,0.056671318,0.056771318,0.0001
3pWKp8kH4ZkqqTDL2ff71UamE6jxvPaGMiPmQGX8kYGpxqKXzzn5HLjiq4qa3fBiGmFTYa2dDUDvCrwaom1mpMhP,Ckbi1nHQoLEJDLt58rm5EJaqPFsDS6V8FbCs5hYZQuQU,false,2026-02-27T10:49:27.000Z,solana,Transfer,,true,PYTH,HZ1JovNiVvGrGNiiYvEozEVgZ58xaU3RKwX8eACQBCt3,106.242627,106.243627,0.0010000000000047748
5cXKYMXPgLYvoByq1EbaZfrCdRssj2mfKDWuFH7Jv7PQMdkP3gZscU4d7SPM2juFuiSfchRVc2rCZoAgRbqZ7ohB,Ckbi1nHQoLEJDLt58rm5EJaqPFsDS6V8FbCs5hYZQuQU,false,2026-02-27T10:38:24.000Z,solana,Transfer,,true,SOL,11111111111111111111111111111111,0.056661318,0.056671318,0.00001
62iMNFT8bZMoByQ5XCacR2ehM9dAf2rAk37swsihXTAcFVtWkcqwrHSWLVyaZbuqieJQP1mrHevK9gtnoLRbvFua,Ckbi1nHQoLEJDLt58rm5EJaqPFsDS6V8FbCs5hYZQuQU,false,2026-02-27T10:37:19.000Z,solana,Transfer,,true,SOL,11111111111111111111111111111111,0.056731314,0.056741314,0.00001
3vtZL15NaKqaJrKVfyuhmD9nY6eEQeRvsirnRpjA7rcafcamFKDss9ebxSbcc5t9qgCevJD4cSS8GbEBwdHLvCzM,Ckbi1nHQoLEJDLt58rm5EJaqPFsDS6V8FbCs5hYZQuQU,false,2026-02-17T18:00:05.000Z,solana,Transfer,,true,PYTH,HZ1JovNiVvGrGNiiYvEozEVgZ58xaU3RKwX8eACQBCt3,187684.933592,187684.934592,0.0010000000183936208
2yuic6ygcxQjpVc588KLQQ6fVAdd1K8CA5X2fMNRyyeFFJedf7AYFGmQqc3vYeCdFrAcWdQaubASfEnNJGvPF9m2,Ckbi1nHQoLEJDLt58rm5EJaqPFsDS6V8FbCs5hYZQuQU,false,2026-02-17T17:59:03.000Z,solana,Transfer,,true,PYTH,HZ1JovNiVvGrGNiiYvEozEVgZ58xaU3RKwX8eACQBCt3,184.933592,187684.933592,187500
3f1xSq9stn4iFSxeN7hMRpQyHmyAxXEnB5EkSGVixv1cF2kroHQoUNZLLmzKzXku5yGP4qXHRsJQhuGQNpYTXpir,Ckbi1nHQoLEJDLt58rm5EJaqPFsDS6V8FbCs5hYZQuQU,false,2026-01-30T04:46:14.000Z,solana,Transfer,,true,SOL,11111111111111111111111111111111,0.057041306,0.057051306,0.00001
6452zYuwYqwTC12XNkJ1qqH6svgGVS2mh1EtFLkJABGeRPyPjssemogFs5Ai12k8UR4scafEEqop3RS9ARtvwhrg,Ckbi1nHQoLEJDLt58rm5EJaqPFsDS6V8FbCs5hYZQuQU,false,2026-01-01T09:59:32.000Z,solana,Transfer,,true,SOL,11111111111111111111111111111111,0.057191302,0.057201302,0.00001
4PP6cMkH4RVErMyDwS5Nn5LsWzLYG9WTN5YgnLDJMsycwidB3TiVeRtKyNR9jcZHYH2gT3wefBMfoPL1eWWzt7yR,Ckbi1nHQoLEJDLt58rm5EJaqPFsDS6V8FbCs5hYZQuQU,false,2025-12-03T06:17:19.000Z,solana,Transfer,,true,SOL,11111111111111111111111111111111,0.057191302,0.057201302,0.00001
ijArE2uAtkt588waKFGoZyLU1H2YB2nHed7QyFVJ4XFVTsTGMECEAT3Rs8Nb1zNwsSudwDL5jkTj9wtAY8Fxuf2,Ckbi1nHQoLEJDLt58rm5EJaqPFsDS6V8FbCs5hYZQuQU,false,2025-12-03T06:17:12.000Z,solana,Transfer,,true,SOL,11111111111111111111111111111111,0.0571913,0.057191302,2e-9
4hQCVLiaA6GD4sQLsxwG8dd3eF58FF4Y6huevxAKSWhYHiZ2PcvzjP7kR5CXrDakbmEdDrS5WgNt7DHy4JGwFaWT,Ckbi1nHQoLEJDLt58rm5EJaqPFsDS6V8FbCs5hYZQuQU,false,2025-12-03T06:17:12.000Z,solana,Transfer,,true,SOL,11111111111111111111111111111111,0.057191296,0.0571913,4e-9
2Ce5LWwfxQu1yLQ3MwXLXqQaBfYkhMYfaZ85z66FRXMprMaTyzKsEw6nc29PXNKE3hk1GXTp2uxAiDREFx2f16t6,Ckbi1nHQoLEJDLt58rm5EJaqPFsDS6V8FbCs5hYZQuQU,false,2025-12-03T06:17:12.000Z,solana,Transfer,,true,SOL,11111111111111111111111111111111,0.05719129,0.057191296,6e-9
3LWiHaPRampxmkc5yExNMd1FB5a4uFA4ma4azVZ5epgVtigds6gDJsBsdKfYQpeKKvUv6YiAgRJbH3QdzJ3pFrmC,Ckbi1nHQoLEJDLt58rm5EJaqPFsDS6V8FbCs5hYZQuQU,false,2025-12-03T06:03:49.000Z,solana,Transfer,,true,SOL,11111111111111111111111111111111,0.05718129,0.05719129,0.00001
439D6SqFM9BWKER9VKpHrQyPV9jCetLoRZ6EzcjRSL5aCLmGskGNwaNjVPg9zQkk4MFCfv8uVBPhXXDiUFH1YugD,Ckbi1nHQoLEJDLt58rm5EJaqPFsDS6V8FbCs5hYZQuQU,false,2025-12-03T06:03:21.000Z,solana,Transfer,,true,SOL,11111111111111111111111111111111,0.05717629,0.05718629,0.00001
63p8mvt9DcrhZ8Bsvyti7kveRXQ4xuBEw4pefRjBYc7jzpYBBwGViodBpgSPnAFYcxmdDomQk4RaDruv3iswd3Ks,Ckbi1nHQoLEJDLt58rm5EJaqPFsDS6V8FbCs5hYZQuQU,false,2025-12-03T06:03:15.000Z,solana,Transfer,,true,SOL,11111111111111111111111111111111,0.057176278,0.05717628,2e-9
324Um65RuggAdwZnDAVxmDxy8Pd9wChgHKp7vR6jPzFGbuw9WAX3rZY6B2ey7eCErFQPdm3knnaUfrPfvN6RtBi5,Ckbi1nHQoLEJDLt58rm5EJaqPFsDS6V8FbCs5hYZQuQU,false,2025-12-03T06:03:15.000Z,solana,Transfer,,true,SOL,11111111111111111111111111111111,0.05717628,0.057176286,6e-9
4ZtBT1RpwkU7WbemYnwG86CZdWFP9pWJVFipNdYTD2uNYuanmft93cDTD44s12M25N5dmWkmNCNDEN5UyrG38uXR,Ckbi1nHQoLEJDLt58rm5EJaqPFsDS6V8FbCs5hYZQuQU,false,2025-12-03T06:03:15.000Z,solana,Transfer,,true,SOL,11111111111111111111111111111111,0.057176286,0.05717629,4e-9
238U9uX8tdBssDsYZz8VMdcFFkzYFaZbjX1H62FFhXpRH1dL9VFC3VDyyGJ5mZhu6bVtoEyHv4TLjLWXfdTNCtMJ,Ckbi1nHQoLEJDLt58rm5EJaqPFsDS6V8FbCs5hYZQuQU,false,2025-11-19T17:00:27.000Z,solana,Transfer,,true,SOL,11111111111111111111111111111111,0.057191277,0.057191278,1e-9
3r8dyqvbs5RQEvmvH3o1aPZ2y31MP5qTPkupaRodPebAGZ8tt9TAca857t3f2F6hfJGU8qdtaZxAX4MKTGiZGmKL,Ckbi1nHQoLEJDLt58rm5EJaqPFsDS6V8FbCs5hYZQuQU,false,2025-11-19T17:00:17.000Z,solana,Transfer,,true,SOL,11111111111111111111111111111111,0.057191275,0.057191276,1e-9
xPZMbxHMQPZbb92ijwbFueRbCeZugHUNxy2NzSR59yb2AcxiXJECc7MSePszjMNtBsqF43uC5KLsGYrDJfYHSEh,Ckbi1nHQoLEJDLt58rm5EJaqPFsDS6V8FbCs5hYZQuQU,false,2025-11-19T16:58:00.000Z,solana,Transfer,,true,SOL,11111111111111111111111111111111,0.057181275,0.057191275,0.00001
gFUsMFHmGTKPLDc5PNuB7snkSbUz4yf9cm7PoFZjFXkEuzg45bx5SZCRy9HniVoEiG3y1cDNxZpFBJxDZ66h4Dw,Ckbi1nHQoLEJDLt58rm5EJaqPFsDS6V8FbCs5hYZQuQU,false,2025-11-19T16:57:37.000Z,solana,Transfer,,true,PYTH,HZ1JovNiVvGrGNiiYvEozEVgZ58xaU3RKwX8eACQBCt3,155.896609,187655.896609,187500
5LH7Xh3JX4GzcE2SCJV9ghH9d1xqf7H8nxmv89QauTqbC85uGE79xtFDX7RfjKkPTFa9sz5o7oQKmuewACjf27r9,Ckbi1nHQoLEJDLt58rm5EJaqPFsDS6V8FbCs5hYZQuQU,false,2025-11-03T04:32:14.000Z,solana,Transfer,,true,SOL,11111111111111111111111111111111,0.057171275,0.057181275,0.00001
5HrwivgeXQbUQJ3qDRvAz1DKzmpTY3oaubb8WZqyyRiiwvUfoobaP7sYa2BCqGMFVWRf6mTcKLs4JaFJpJYBmAYa,Ckbi1nHQoLEJDLt58rm5EJaqPFsDS6V8FbCs5hYZQuQU,false,2025-11-03T04:32:06.000Z,solana,Transfer,,true,SOL,11111111111111111111111111111111,0.057171273,0.057171275,2e-9
2pcC6YsjrFv3TGsLw8RQERFw9dMBYJ1Y22wPjFeDpUcLfhceJawf729VXp9afK6B3JYsJoaFXUfEiwxBxgQTpDtw,Ckbi1nHQoLEJDLt58rm5EJaqPFsDS6V8FbCs5hYZQuQU,false,2025-11-03T04:29:47.000Z,solana,Transfer,,true,SOL,11111111111111111111111111111111,0.057161273,0.057171273,0.00001
5kDMNkfwF55o6haUTVfrxNWi4R33TCsHvyCCE8Q3c848fgJACkKsLtp2Q4VRWDQ6UEMv5y4LLqMHERgdFerGhd9R,Ckbi1nHQoLEJDLt58rm5EJaqPFsDS6V8FbCs5hYZQuQU,true,2025-11-03T04:29:41.000Z,solana,Transfer,0.000079996,true,SOL,11111111111111111111111111111111,0.057241269,0.057161273,-0.000079996
5kDMNkfwF55o6haUTVfrxNWi4R33TCsHvyCCE8Q3c848fgJACkKsLtp2Q4VRWDQ6UEMv5y4LLqMHERgdFerGhd9R,Ckbi1nHQoLEJDLt58rm5EJaqPFsDS6V8FbCs5hYZQuQU,true,2025-11-03T04:29:41.000Z,solana,Transfer,0.000079996,true,PYTH,HZ1JovNiVvGrGNiiYvEozEVgZ58xaU3RKwX8eACQBCt3,85055.896609,155.896609,-84900
3TZjNQtvLAArH2f42AtjKBUqybVg74VeattuNnbgbtMRr2duN6cji9rTgvqVpmYGZH3oSStMeH8Bjcb9AivBrGpV,Ckbi1nHQoLEJDLt58rm5EJaqPFsDS6V8FbCs5hYZQuQU,false,2025-11-03T04:26:29.000Z,solana,Transfer,,true,SOL,11111111111111111111111111111111,0.057241268,0.057241269,1e-9
2jj5s4JESX24GQtNzqZdsYVVTTU9nF98XPER2YmXP1ssPD29XFboMkRWgMP5pbytGmSNPECD4DzeWxP9YLLJUo6A,Ckbi1nHQoLEJDLt58rm5EJaqPFsDS6V8FbCs5hYZQuQU,true,2025-11-03T04:25:30.000Z,pyth,Staking,0.00008,true,SOL,11111111111111111111111111111111,0.057321268,0.057241268,-0.00008
2jj5s4JESX24GQtNzqZdsYVVTTU9nF98XPER2YmXP1ssPD29XFboMkRWgMP5pbytGmSNPECD4DzeWxP9YLLJUo6A,Ckbi1nHQoLEJDLt58rm5EJaqPFsDS6V8FbCs5hYZQuQU,true,2025-11-03T04:25:30.000Z,pyth,Staking,0.00008,true,PYTH,HZ1JovNiVvGrGNiiYvEozEVgZ58xaU3RKwX8eACQBCt3,159.326911,85055.896609,84896.569698
5UCnMPgyeVX4D8U9E5DwFBG8UZcuuuUTEBbQRJGpS7bpMTG7m6yBNFw7cZFRXoD6hY8MFtX7oEAg2wXekcYDDQek,Ckbi1nHQoLEJDLt58rm5EJaqPFsDS6V8FbCs5hYZQuQU,false,2025-10-03T09:25:36.000Z,solana,Transfer,,true,SOL,11111111111111111111111111111111,0.057311268,0.057321268,0.00001
35KrM3hzSZSV1zzYuBtHoXTL7n2uaBxGZforhAgfCgiLJxv2kX5RjQZyXtb7nHuhzAXX3tocJfrkZWff5zCLadRG,Ckbi1nHQoLEJDLt58rm5EJaqPFsDS6V8FbCs5hYZQuQU,false,2025-10-03T09:25:29.000Z,solana,Transfer,,true,SOL,11111111111111111111111111111111,0.057311262,0.057311268,6e-9
dzBHcJKk3mw1X9J7Q2ejoyXnA2iW6oAhFUi8xpHLgDeyBgGnaeUWtj9FkusVzdwCFjHmuAWpVQJE4EEwLvcAdsd,Ckbi1nHQoLEJDLt58rm5EJaqPFsDS6V8FbCs5hYZQuQU,false,2025-10-03T09:25:29.000Z,solana,Transfer,,true,SOL,11111111111111111111111111111111,0.057311254,0.057311262,8e-9
3jhdd8cfsgWhqVphHUiHSP7iyxTVo14Kxz2AQg7QzuRuSmtL7jatWJPuxtgUqz8MpssK2nCEtZMsxi1McoUy3kwN,Ckbi1nHQoLEJDLt58rm5EJaqPFsDS6V8FbCs5hYZQuQU,false,2025-10-03T09:25:29.000Z,solana,Transfer,,true,SOL,11111111111111111111111111111111,0.05731125,0.057311254,4e-9
5qZgYNXMnqEBfcsFKV4YQphPNQ8QNNfyHeonTSCxLDpEg83uZfiL3LS9Vi9vFfY1RebGWG9wwk4mBfVZstXUpnYX,Ckbi1nHQoLEJDLt58rm5EJaqPFsDS6V8FbCs5hYZQuQU,false,2025-10-03T09:25:29.000Z,solana,Transfer,,true,SOL,11111111111111111111111111111111,0.057311248,0.05731125,2e-9
3NaP741nUUcJavAThw7mvZ378ao17UDr9zANdxirT3RkLHQBtvHcRM4aX6R1sbBQvdm1yYxV2oSbjL6Ai3t65cwL,Ckbi1nHQoLEJDLt58rm5EJaqPFsDS6V8FbCs5hYZQuQU,false,2025-10-03T09:25:02.000Z,solana,Transfer,,true,SOL,11111111111111111111111111111111,0.057301248,0.057311248,0.00001
3MLcBSUw45F6BqACApeETiChSi93VbiUuqSKcnQNsmafhzVzwXt23YchtVjcXGg56TNnB6GdMJnnFeHpkqke1Ne9,Ckbi1nHQoLEJDLt58rm5EJaqPFsDS6V8FbCs5hYZQuQU,true,2025-10-03T09:24:57.000Z,solana,Transfer,0.000079996,true,SOL,11111111111111111111111111111111,0.057381244,0.057301248,-0.000079996
3MLcBSUw45F6BqACApeETiChSi93VbiUuqSKcnQNsmafhzVzwXt23YchtVjcXGg56TNnB6GdMJnnFeHpkqke1Ne9,Ckbi1nHQoLEJDLt58rm5EJaqPFsDS6V8FbCs5hYZQuQU,true,2025-10-03T09:24:57.000Z,solana,Transfer,0.000079996,true,PYTH,HZ1JovNiVvGrGNiiYvEozEVgZ58xaU3RKwX8eACQBCt3,173159.326911,159.326911,-173000
5cRm2nnaC6WQ4XRhpX5LFe5y9DDr6kf4qRXWyuY6Bb7v5n45dgmJgHBMW9gAibsX3DSpVTPpZTEqzxBG7g544uNB,Ckbi1nHQoLEJDLt58rm5EJaqPFsDS6V8FbCs5hYZQuQU,true,2025-10-03T09:22:58.000Z,solana,Transfer,0.000079996,true,SOL,11111111111111111111111111111111,0.05746124,0.057381244,-0.000079996
5cRm2nnaC6WQ4XRhpX5LFe5y9DDr6kf4qRXWyuY6Bb7v5n45dgmJgHBMW9gAibsX3DSpVTPpZTEqzxBG7g544uNB,Ckbi1nHQoLEJDLt58rm5EJaqPFsDS6V8FbCs5hYZQuQU,true,2025-10-03T09:22:58.000Z,solana,Transfer,0.000079996,true,PYTH,HZ1JovNiVvGrGNiiYvEozEVgZ58xaU3RKwX8eACQBCt3,173161.326911,173159.326911,-2
5keQ45GZmVfXHDk3VKzpKDw18qNzMz7L4jGjegTLavmd6ZpLZL7t9uSPNnjZ1fpgKRdLj7uro35rwLF9zhUudK6Q,Ckbi1nHQoLEJDLt58rm5EJaqPFsDS6V8FbCs5hYZQuQU,false,2025-10-03T09:21:20.000Z,solana,Transfer,,true,SOL,11111111111111111111111111111111,0.057461239,0.05746124,1e-9
5DCmvcUmdeDXgm41A1WQygHcK1VmKeHDdgwMewrHVe7CxK34JL7dsBjsu2hh4bLBobzi8oQMLafa2HHw8gnw9Zt2,Ckbi1nHQoLEJDLt58rm5EJaqPFsDS6V8FbCs5hYZQuQU,true,2025-10-03T09:21:18.000Z,pyth,Staking,0.00008,true,SOL,11111111111111111111111111111111,0.057541239,0.057461239,-0.00008
5DCmvcUmdeDXgm41A1WQygHcK1VmKeHDdgwMewrHVe7CxK34JL7dsBjsu2hh4bLBobzi8oQMLafa2HHw8gnw9Zt2,Ckbi1nHQoLEJDLt58rm5EJaqPFsDS6V8FbCs5hYZQuQU,true,2025-10-03T09:21:18.000Z,pyth,Staking,0.00008,true,PYTH,HZ1JovNiVvGrGNiiYvEozEVgZ58xaU3RKwX8eACQBCt3,200.75284,173161.326911,172960.574071
2LTCsLCBDPQePaxz6Ks5PdKHDzdeakVS74kYXg7zqpRd51LaCLimhb7YiNG9ic8zGDQSZsidEfQmMFFJctH15tgh,Ckbi1nHQoLEJDLt58rm5EJaqPFsDS6V8FbCs5hYZQuQU,false,2025-08-28T14:09:54.000Z,solana,Transfer,,true,SOL,11111111111111111111111111111111,0.057531239,0.057541239,0.00001
31oRaD8qqsAFZVRhWDVcNWVvMWcXHU1s7BwdiVy1suQzeWU3cecW6wQNqU1VfMYpiPHbG9QTmBNfrNQyutyXiBW8,Ckbi1nHQoLEJDLt58rm5EJaqPFsDS6V8FbCs5hYZQuQU,false,2025-08-28T14:09:46.000Z,solana,Transfer,,true,SOL,11111111111111111111111111111111,0.057531231,0.057531239,8e-9
2Co9a4sNrL8NNaapY5mQ6EGck44H1gCWKWXB3QCjaEvqziSqfuVsd9rvsst1CsaDttjBBardXiPKfLYwtCRAV2tk,Ckbi1nHQoLEJDLt58rm5EJaqPFsDS6V8FbCs5hYZQuQU,false,2025-08-28T14:09:46.000Z,solana,Transfer,,true,SOL,11111111111111111111111111111111,0.057531227,0.057531231,4e-9
43d87ZhNvg54NgVCxirfdE5NaEhLoQ2x2JgcrSaUTDDCmn8vA9ewR7XsStep4yeU4FRiWbQQ2z8XvomorpTRyhWH,Ckbi1nHQoLEJDLt58rm5EJaqPFsDS6V8FbCs5hYZQuQU,false,2025-08-28T14:09:46.000Z,solana,Transfer,,true,SOL,11111111111111111111111111111111,0.057531221,0.057531227,6e-9
5zDkCy9b4cynYw8eRZW84Lu7rEaBzpEpVbsrzJs3DhnJNDeiGDDGNUezQK4VmTZng7dfngZNtkLJ8zqh5dFokzxp,Ckbi1nHQoLEJDLt58rm5EJaqPFsDS6V8FbCs5hYZQuQU,false,2025-08-28T14:09:46.000Z,solana,Transfer,,true,SOL,11111111111111111111111111111111,0.057531219,0.057531221,2e-9
2mgeR7D7efQKXWK1z9xnqPCGSitG3zXWCSJZis9DiJsdfzqYbjvZjujcroaiNXGxMZ15c61BEDMwvM1jNoPKYd24,Ckbi1nHQoLEJDLt58rm5EJaqPFsDS6V8FbCs5hYZQuQU,true,2025-08-28T14:09:39.000Z,solana,Transfer,0.000079996,true,SOL,11111111111111111111111111111111,0.057611215,0.057531219,-0.000079996
2mgeR7D7efQKXWK1z9xnqPCGSitG3zXWCSJZis9DiJsdfzqYbjvZjujcroaiNXGxMZ15c61BEDMwvM1jNoPKYd24,Ckbi1nHQoLEJDLt58rm5EJaqPFsDS6V8FbCs5hYZQuQU,true,2025-08-28T14:09:39.000Z,solana,Transfer,0.000079996,true,PYTH,HZ1JovNiVvGrGNiiYvEozEVgZ58xaU3RKwX8eACQBCt3,431484.75284,200.75284,-431284
2yD9FSLHykPzS2FEsQQf5XJamXU8kKtMeaFJTkmDMzNFLmoYpDxM2zXvY1J3ZqegJLQ7YGbpKk18jyzQ2qVrqAF4,Ckbi1nHQoLEJDLt58rm5EJaqPFsDS6V8FbCs5hYZQuQU,true,2025-08-28T14:08:14.000Z,solana,Transfer,0.000079996,true,SOL,11111111111111111111111111111111,0.057691211,0.057611215,-0.000079996
2yD9FSLHykPzS2FEsQQf5XJamXU8kKtMeaFJTkmDMzNFLmoYpDxM2zXvY1J3ZqegJLQ7YGbpKk18jyzQ2qVrqAF4,Ckbi1nHQoLEJDLt58rm5EJaqPFsDS6V8FbCs5hYZQuQU,true,2025-08-28T14:08:14.000Z,solana,Transfer,0.000079996,true,PYTH,HZ1JovNiVvGrGNiiYvEozEVgZ58xaU3RKwX8eACQBCt3,431584.75284,431484.75284,-100
2h4tUpC4LDBXn49yHqQp1eJr8oZWXCy477sPaASTQgTQCsH79V83rHjn9cHXom2P679KA7fBPJspAmNhMBndvSBR,Ckbi1nHQoLEJDLt58rm5EJaqPFsDS6V8FbCs5hYZQuQU,true,2025-08-28T14:03:35.000Z,pyth,Staking,0.00008,true,SOL,11111111111111111111111111111111,0.057771211,0.057691211,-0.00008
2h4tUpC4LDBXn49yHqQp1eJr8oZWXCy477sPaASTQgTQCsH79V83rHjn9cHXom2P679KA7fBPJspAmNhMBndvSBR,Ckbi1nHQoLEJDLt58rm5EJaqPFsDS6V8FbCs5hYZQuQU,true,2025-08-28T14:03:35.000Z,pyth,Staking,0.00008,true,PYTH,HZ1JovNiVvGrGNiiYvEozEVgZ58xaU3RKwX8eACQBCt3,187600.838175,431584.75284,243983.91466499996
vAoZ31BK1neTs6tGJw4CF9VYtaCZzVxws25cfgYrWEFtfag5QZQ9MsLhgebWDSWtLrsGL1AZa3FgXon8WBoYdrY,Ckbi1nHQoLEJDLt58rm5EJaqPFsDS6V8FbCs5hYZQuQU,false,2025-08-20T10:34:01.000Z,solana,Transfer,,true,PYTH,HZ1JovNiVvGrGNiiYvEozEVgZ58xaU3RKwX8eACQBCt3,187600.837175,187600.838175,0.0010000000183936208
2fftArMeGqwvbzfBfgnDy9WiSZ2zeNQTjN7QLtMY19SoqtKEoTqibU1NAJ9VaiL1vhZ2VDVr63Lba2DXpHub8mab,Ckbi1nHQoLEJDLt58rm5EJaqPFsDS6V8FbCs5hYZQuQU,false,2025-08-20T10:33:26.000Z,solana,Transfer,,true,PYTH,HZ1JovNiVvGrGNiiYvEozEVgZ58xaU3RKwX8eACQBCt3,100.837175,187600.837175,187500
4Tjyyj64GK4muqx8kngMfq7EeEpojNaTutstK9YpnTcSbGk6PgEX9oVa2vjYcCByQN7uZvYbGUa9dNtYyWL1Wciq,Ckbi1nHQoLEJDLt58rm5EJaqPFsDS6V8FbCs5hYZQuQU,false,2025-08-01T19:56:16.000Z,solana,Transfer,,true,SOL,11111111111111111111111111111111,0.057770211,0.057771211,0.000001
AdvXTSEJxyr73UiMRsJ2HKHso3ZSRmT1mW3UDneUyXSPsoqMasLVFgTvq8ZFcj1zB4AxFNtTx5hKGzkzKnkEiG3,Ckbi1nHQoLEJDLt58rm5EJaqPFsDS6V8FbCs5hYZQuQU,false,2025-08-01T10:29:10.000Z,solana,Transfer,,true,SOL,11111111111111111111111111111111,0.057760211,0.057770211,0.00001
4dgFMcNkfVT5pFzt5bvHcdqAMTkv1w3xm1PDsPXxgNQyBVbWW235D9276SnkMw1tD3pVEahMzsJU3Mr2brFjT5k3,Ckbi1nHQoLEJDLt58rm5EJaqPFsDS6V8FbCs5hYZQuQU,false,2025-08-01T10:29:02.000Z,solana,Transfer,,true,SOL,11111111111111111111111111111111,0.057760203,0.057760211,8e-9
5XJKsNEp7uX9Qz4FYrnbAJvj4HfMsVy8HbGt5ei3MVNA2eT6AsX9Rt9eFiWuYFyRYbgdmCLoyDDUvMPDuBDrgCQS,Ckbi1nHQoLEJDLt58rm5EJaqPFsDS6V8FbCs5hYZQuQU,false,2025-08-01T10:29:02.000Z,solana,Transfer,,true,SOL,11111111111111111111111111111111,0.057760197,0.057760203,6e-9
qeVvAXvL2RauhwKMM7ynCRSTczTwzJBEFskxeZr8ruwW4XQubnpuQV9KkSAUnnQMSJmfB5cvSSwFQUd5NshweBT,Ckbi1nHQoLEJDLt58rm5EJaqPFsDS6V8FbCs5hYZQuQU,false,2025-08-01T10:29:02.000Z,solana,Transfer,,true,SOL,11111111111111111111111111111111,0.057760193,0.057760197,4e-9
yeanRN1BJ6xpvS6GJi1dweViYyc8hiuQVtmzDHk1CFXd5SjDVSCZec66TT65cRAuhiWNcPoVjTGCg2L3Mf9YbF4,Ckbi1nHQoLEJDLt58rm5EJaqPFsDS6V8FbCs5hYZQuQU,false,2025-08-01T10:29:02.000Z,solana,Transfer,,true,SOL,11111111111111111111111111111111,0.057760191,0.057760193,2e-9
C6qS8vRJWi5UnuMtrpfmWHSRHL6JNFCHtHg6GjeHUXc9kwX32knFraUYsrD2bpACDFLbTt9KswGLbtEkYhs6Dd2,Ckbi1nHQoLEJDLt58rm5EJaqPFsDS6V8FbCs5hYZQuQU,true,2025-08-01T10:27:29.000Z,solana,Transfer,0.000079996,true,SOL,11111111111111111111111111111111,0.057840187,0.057760191,-0.000079996
C6qS8vRJWi5UnuMtrpfmWHSRHL6JNFCHtHg6GjeHUXc9kwX32knFraUYsrD2bpACDFLbTt9KswGLbtEkYhs6Dd2,Ckbi1nHQoLEJDLt58rm5EJaqPFsDS6V8FbCs5hYZQuQU,true,2025-08-01T10:27:29.000Z,solana,Transfer,0.000079996,true,PYTH,HZ1JovNiVvGrGNiiYvEozEVgZ58xaU3RKwX8eACQBCt3,85710.837175,100.837175,-85610
3zfYg18bbuXprmKqTACqQZxhErV3U3Tv82fwLNyfypKK1qT6M4LGJ7XHdX3LXba12kcvKLAfJKjHbN11nas3nVuo,Ckbi1nHQoLEJDLt58rm5EJaqPFsDS6V8FbCs5hYZQuQU,true,2025-08-01T10:17:18.000Z,pyth,Staking,0.00008,true,SOL,11111111111111111111111111111111,0.057920187,0.057840187,-0.00008
3zfYg18bbuXprmKqTACqQZxhErV3U3Tv82fwLNyfypKK1qT6M4LGJ7XHdX3LXba12kcvKLAfJKjHbN11nas3nVuo,Ckbi1nHQoLEJDLt58rm5EJaqPFsDS6V8FbCs5hYZQuQU,true,2025-08-01T10:17:18.000Z,pyth,Staking,0.00008,true,PYTH,HZ1JovNiVvGrGNiiYvEozEVgZ58xaU3RKwX8eACQBCt3,54.335551,85710.837175,85656.501624
b25nvZyeKhqiqRzKPa79AkFMqsW94fRkujnP4PPyVWyJYFC5j1GaR12WaWkgRSnKEXGhYw8SdeS3X8cLfxwXoma,Ckbi1nHQoLEJDLt58rm5EJaqPFsDS6V8FbCs5hYZQuQU,true,2025-06-30T08:37:45.000Z,solana,Transfer,0.000079996,true,SOL,11111111111111111111111111111111,0.058000183,0.057920187,-0.000079996
b25nvZyeKhqiqRzKPa79AkFMqsW94fRkujnP4PPyVWyJYFC5j1GaR12WaWkgRSnKEXGhYw8SdeS3X8cLfxwXoma,Ckbi1nHQoLEJDLt58rm5EJaqPFsDS6V8FbCs5hYZQuQU,true,2025-06-30T08:37:45.000Z,solana,Transfer,0.000079996,true,PYTH,HZ1JovNiVvGrGNiiYvEozEVgZ58xaU3RKwX8eACQBCt3,108054.335551,54.335551,-108000
51MzviDY3whzf2X4HjR9wdwPfkhxz21CaDXphTuE3DFJfnsUX4bKt58R4ieYENES6Hg9XEg69NA7Lww3pNrtPZLu,Ckbi1nHQoLEJDLt58rm5EJaqPFsDS6V8FbCs5hYZQuQU,true,2025-06-30T08:35:19.000Z,pyth,Staking,0.00008,true,SOL,11111111111111111111111111111111,0.058080183,0.058000183,-0.00008
51MzviDY3whzf2X4HjR9wdwPfkhxz21CaDXphTuE3DFJfnsUX4bKt58R4ieYENES6Hg9XEg69NA7Lww3pNrtPZLu,Ckbi1nHQoLEJDLt58rm5EJaqPFsDS6V8FbCs5hYZQuQU,true,2025-06-30T08:35:19.000Z,pyth,Staking,0.00008,true,PYTH,HZ1JovNiVvGrGNiiYvEozEVgZ58xaU3RKwX8eACQBCt3,76804.335551,108054.335551,31250
n3zAffrRNdD6DYkkETzeBx36W77Bke4Xe4niDiPYJ1hFrdhpqQgz7EoPgyHbmBzQ9HxUweUG9YQeH6y7FXyDLyD,Ckbi1nHQoLEJDLt58rm5EJaqPFsDS6V8FbCs5hYZQuQU,false,2025-06-30T08:35:02.000Z,solana,Transfer,,true,SOL,11111111111111111111111111111111,0.058080182,0.058080183,1e-9
VDMSYY32tSQXzwVG84dK8qyyDgGgaQbuJPu2fYyPJwd52HYzW6pNg8xwyDjKMPKeJe8mPzWU5Fmq44zKFZ5nnJF,Ckbi1nHQoLEJDLt58rm5EJaqPFsDS6V8FbCs5hYZQuQU,false,2025-06-30T08:35:01.000Z,solana,Transfer,,true,SOL,11111111111111111111111111111111,0.058080181,0.058080182,1e-9
NShobA331o4ALFWKKgFSb9RWWKdhi7qqLLShyBRnhJy8FLDARWf2Ydr8pjFcqQ2A8BXCrp4W67ggs23kmz9s6bm,Ckbi1nHQoLEJDLt58rm5EJaqPFsDS6V8FbCs5hYZQuQU,false,2025-06-30T08:34:56.000Z,solana,Transfer,,true,SOL,11111111111111111111111111111111,0.05808018,0.058080181,1e-9
65GhFY61aS9kqh4TcAob9nzabM7Lmuk8Fepx36gxLtZTuUCKariSb9zt4253zozWTBCfkefLp52dEiHiwHT15P5d,Ckbi1nHQoLEJDLt58rm5EJaqPFsDS6V8FbCs5hYZQuQU,false,2025-06-30T08:34:51.000Z,solana,Transfer,,true,SOL,11111111111111111111111111111111,0.058080179,0.05808018,1e-9
26vSK6hnftLq9cqzF22o42pS3CtyrRAMXYZ9FziEAL3h5bDuLSM7dd9JLNRK5AfrTeg3deGM6oVbGWEimzaWCzCa,Ckbi1nHQoLEJDLt58rm5EJaqPFsDS6V8FbCs5hYZQuQU,false,2025-06-30T08:34:28.000Z,solana,Transfer,,true,SOL,11111111111111111111111111111111,0.058080178,0.058080179,1e-9
5q9xfW95w4q8DPh2mCBm34tYRXxReNi7Epw7X2wSpRUR1146FLkN4tNHo1tjTSKeG98jZD8fraAzuxjvDjThinzT,Ckbi1nHQoLEJDLt58rm5EJaqPFsDS6V8FbCs5hYZQuQU,true,2025-06-30T08:34:12.000Z,pyth,Staking,0.00008,true,SOL,11111111111111111111111111111111,0.058160178,0.058080178,-0.00008
5q9xfW95w4q8DPh2mCBm34tYRXxReNi7Epw7X2wSpRUR1146FLkN4tNHo1tjTSKeG98jZD8fraAzuxjvDjThinzT,Ckbi1nHQoLEJDLt58rm5EJaqPFsDS6V8FbCs5hYZQuQU,true,2025-06-30T08:34:12.000Z,pyth,Staking,0.00008,true,PYTH,HZ1JovNiVvGrGNiiYvEozEVgZ58xaU3RKwX8eACQBCt3,47.461212,76804.335551,76756.874339
o8B87z2gqpRfWHZ1TsRi7sjtSmQbW4rgHRJou5cAPne32qquYU4BNrhzBoWg4tibhar66GzMN1QaFmyb2EU1mbU,Ckbi1nHQoLEJDLt58rm5EJaqPFsDS6V8FbCs5hYZQuQU,false,2025-05-30T10:00:40.000Z,,,,true,PYTH,HZ1JovNiVvGrGNiiYvEozEVgZ58xaU3RKwX8eACQBCt3,47.461211,47.461212,0.00000100000000458067
Rvjiii4itPJyWYc4friRvBbVgG3VR1hCrPFjwTSyicGPYUVhWyY52A2R1caqUqjqMDBUV5UU7VV3mHaaw5oWUs6,Ckbi1nHQoLEJDLt58rm5EJaqPFsDS6V8FbCs5hYZQuQU,false,2025-05-30T10:00:37.000Z,solana,Transfer,,true,SOL,11111111111111111111111111111111,0.058150178,0.058160178,0.00001
Y71bPFVu87yTJomambe2fQDDQocpLkbXaQ8MxPVrZ6ThhCtUoQYC31N5WD89aw7X7m3YF6M7zjURPsb2RrR7akT,Ckbi1nHQoLEJDLt58rm5EJaqPFsDS6V8FbCs5hYZQuQU,false,2025-05-30T10:00:20.000Z,solana,Transfer,,true,SOL,11111111111111111111111111111111,0.058150176,0.058150178,2e-9
Wk6d51YWM5V86oGa5cp19WyJJLDMAEDiwyFcCBtNXhm7GnqyKN5FhrbxScBUJyJUBZCTtSUSJvvJDZ8GWEcZoiw,Ckbi1nHQoLEJDLt58rm5EJaqPFsDS6V8FbCs5hYZQuQU,false,2025-05-30T10:00:20.000Z,solana,Transfer,,true,SOL,11111111111111111111111111111111,0.058150168,0.058150176,8e-9
5XtHRbFRRYLzA7yzoqBeeVe4HLmVXPMosBtqXpdaduoFQqz9pqqeeWoFKvmLvxWJeTo3XpWBAYQDUy7sNvwNgXyr,Ckbi1nHQoLEJDLt58rm5EJaqPFsDS6V8FbCs5hYZQuQU,false,2025-05-30T10:00:20.000Z,solana,Transfer,,true,SOL,11111111111111111111111111111111,0.058150162,0.058150168,6e-9
4PEJSy8Kg6YsBDwJPtryMWNh5jWaxfF7zrUWxPHCiSug5qNEvEA5yccDfNVgWppLG191TqNVhJV4AvXEahji6MEv,Ckbi1nHQoLEJDLt58rm5EJaqPFsDS6V8FbCs5hYZQuQU,false,2025-05-30T10:00:19.000Z,solana,Transfer,,true,SOL,11111111111111111111111111111111,0.058150158,0.058150162,4e-9
5EystMMPRtUBoFaVoQgEQVcFaxMj16ZWVY7Q71rnyAT1nB8qBPE2xSHnUQZBJqk63xJqi2ubdZZyh6BbUwb5fWa8,Ckbi1nHQoLEJDLt58rm5EJaqPFsDS6V8FbCs5hYZQuQU,true,2025-05-30T09:59:49.000Z,solana,Transfer,0.000079996,true,SOL,11111111111111111111111111111111,0.058230154,0.058150158,-0.000079996
5EystMMPRtUBoFaVoQgEQVcFaxMj16ZWVY7Q71rnyAT1nB8qBPE2xSHnUQZBJqk63xJqi2ubdZZyh6BbUwb5fWa8,Ckbi1nHQoLEJDLt58rm5EJaqPFsDS6V8FbCs5hYZQuQU,true,2025-05-30T09:59:49.000Z,solana,Transfer,0.000079996,true,PYTH,HZ1JovNiVvGrGNiiYvEozEVgZ58xaU3RKwX8eACQBCt3,523047.461211,47.461211,-523000
3ckro6tsqHi1YRm5wCszarxE6H8zq6biw6tdHjWemUDgrw4DXGCQ74sf5avGvNW9Y3umdv3ZsYnfTGY9B7Gq7Ryc,Ckbi1nHQoLEJDLt58rm5EJaqPFsDS6V8FbCs5hYZQuQU,true,2025-05-30T09:52:02.000Z,pyth,Staking,0.00008,true,SOL,11111111111111111111111111111111,0.058310154,0.058230154,-0.00008
3ckro6tsqHi1YRm5wCszarxE6H8zq6biw6tdHjWemUDgrw4DXGCQ74sf5avGvNW9Y3umdv3ZsYnfTGY9B7Gq7Ryc,Ckbi1nHQoLEJDLt58rm5EJaqPFsDS6V8FbCs5hYZQuQU,true,2025-05-30T09:52:02.000Z,pyth,Staking,0.00008,true,PYTH,HZ1JovNiVvGrGNiiYvEozEVgZ58xaU3RKwX8eACQBCt3,435547.461211,523047.461211,87500
5ZDP4i8ymi2U9QRgdotuqDnA3itn4W9B86Kd4KdK1Aogf95KUq3zLPYGmiNPU8RpyTUZUbursTUSGQoYR38i2pkP,Ckbi1nHQoLEJDLt58rm5EJaqPFsDS6V8FbCs5hYZQuQU,true,2025-05-30T09:49:57.000Z,pyth,Staking,0.00008,true,SOL,11111111111111111111111111111111,0.058390154,0.058310154,-0.00008
5ZDP4i8ymi2U9QRgdotuqDnA3itn4W9B86Kd4KdK1Aogf95KUq3zLPYGmiNPU8RpyTUZUbursTUSGQoYR38i2pkP,Ckbi1nHQoLEJDLt58rm5EJaqPFsDS6V8FbCs5hYZQuQU,true,2025-05-30T09:49:57.000Z,pyth,Staking,0.00008,true,PYTH,HZ1JovNiVvGrGNiiYvEozEVgZ58xaU3RKwX8eACQBCt3,304297.461211,435547.461211,131250
ddMdov5QxQBGk7Pj3T9dfKHaP1Ff3vq92piJKmPqW4HgaHMGqMuN6EhRWXUNHSJ4Sn6T5DDQ4Dfma5KZivMp8cb,Ckbi1nHQoLEJDLt58rm5EJaqPFsDS6V8FbCs5hYZQuQU,true,2025-05-30T09:48:18.000Z,pyth,Staking,0.00008,true,SOL,11111111111111111111111111111111,0.058470154,0.058390154,-0.00008
ddMdov5QxQBGk7Pj3T9dfKHaP1Ff3vq92piJKmPqW4HgaHMGqMuN6EhRWXUNHSJ4Sn6T5DDQ4Dfma5KZivMp8cb,Ckbi1nHQoLEJDLt58rm5EJaqPFsDS6V8FbCs5hYZQuQU,true,2025-05-30T09:48:18.000Z,pyth,Staking,0.00008,true,PYTH,HZ1JovNiVvGrGNiiYvEozEVgZ58xaU3RKwX8eACQBCt3,187564.31945,304297.461211,116733.14176099998
3h7hZgBWGATERZEyre7sKEWkFL11zyaA7FXj19ztpZ7pvHqFreNXskA1GepkvmHjYJQLa2s23V9GjPyE8ewayrpp,Ckbi1nHQoLEJDLt58rm5EJaqPFsDS6V8FbCs5hYZQuQU,true,2025-05-30T09:42:16.000Z,pyth,Staking,0.00008,true,SOL,11111111111111111111111111111111,0.058550154,0.058470154,-0.00008
s8reF7du7h4qM6fGyKpGW6BaMpMHBD7hQxvoe4tfT1FR5hWfk6sGwLjkAA9HAe9YLnLiaBYpdD4gMfrQAtjfuVk,Ckbi1nHQoLEJDLt58rm5EJaqPFsDS6V8FbCs5hYZQuQU,false,2025-05-30T09:41:08.000Z,,,,true,PYTH,HZ1JovNiVvGrGNiiYvEozEVgZ58xaU3RKwX8eACQBCt3,187564.319449,187564.31945,0.00000100000761449337
GP8JaSHxFJmgRcoAECHCZ5rcXajaJMC9RzngJBSbHLjhSot3eDy8p2euuB66zKWBbKb23nwiTBkaQrokc8pmA2M,Ckbi1nHQoLEJDLt58rm5EJaqPFsDS6V8FbCs5hYZQuQU,false,2025-05-30T09:41:07.000Z,solana,Transfer,,true,SOL,11111111111111111111111111111111,0.058540154,0.058550154,0.00001
4zhC4fyVBs1DFswTXpa1yNFBpVmcRrP81Kwia1hff2qy88f9VJeGme8Af79xhjanjFNEAsML4B952bnFjT9aqe4S,Ckbi1nHQoLEJDLt58rm5EJaqPFsDS6V8FbCs5hYZQuQU,false,2025-05-30T09:40:49.000Z,solana,Transfer,,true,SOL,11111111111111111111111111111111,0.05854015,0.058540154,4e-9
5HdfwZShTQ34PtApjVtpS4ZS6LQeCHgSDms8fZonsJfEBu8kfYmf7LyzfBKbM2nErwLsi5MekGJVJXyfbJwqDUdp,Ckbi1nHQoLEJDLt58rm5EJaqPFsDS6V8FbCs5hYZQuQU,false,2025-05-30T09:40:49.000Z,solana,Transfer,,true,SOL,11111111111111111111111111111111,0.058540142,0.05854015,8e-9
2GBVBzyaoG4jPViVEsTt1sznMiRSY7AmBuRPWmj5yjQX9UF1ubfsmJaGNud9ceSAPmP3BAuzPb56AGPS9JdxGo5R,Ckbi1nHQoLEJDLt58rm5EJaqPFsDS6V8FbCs5hYZQuQU,false,2025-05-30T09:40:49.000Z,solana,Transfer,,true,SOL,11111111111111111111111111111111,0.058540136,0.058540142,6e-9
64FjbQVBok55nPJNmSSLQmcNXkdfjz7F6UEAMBx83qeKDjvg8F3A79XjxUUUoQari9WUv5YMvRNJLpot7Cec634w,Ckbi1nHQoLEJDLt58rm5EJaqPFsDS6V8FbCs5hYZQuQU,false,2025-05-30T09:40:49.000Z,solana,Transfer,,true,SOL,11111111111111111111111111111111,0.058540134,0.058540136,2e-9
34YZfantcYBuxyaTkeQRYBc98XC7VATNHbumU6jRhNtJ2ZiH8seffbYgesyjvmaqYhThWDsPdkSxMyMkrdY5mgVn,Ckbi1nHQoLEJDLt58rm5EJaqPFsDS6V8FbCs5hYZQuQU,false,2025-05-30T09:40:25.000Z,solana,Transfer,,true,SOL,11111111111111111111111111111111,0.058540133,0.058540134,1e-9
4zHL79xBhRV8jZu7gw97RwZ7o2xU2k4QgXVibPGyaxk1HUdQ54gNmDa9oMkcievKC2WGg6EKu9W26CnwXqg1NSuM,Ckbi1nHQoLEJDLt58rm5EJaqPFsDS6V8FbCs5hYZQuQU,false,2025-05-30T09:40:25.000Z,solana,Transfer,,true,SOL,11111111111111111111111111111111,0.058540132,0.058540133,1e-9
D23kWycwyQa81ww6fAmsZ671FjyDJD8nRzSXAw9VHMmUUzbVwyRPVC96Rzw1dUZHNwXvmyh5UC4Hsdb2PQSGZAy,Ckbi1nHQoLEJDLt58rm5EJaqPFsDS6V8FbCs5hYZQuQU,true,2025-05-30T09:40:21.000Z,solana,Transfer,0.000079996,true,SOL,11111111111111111111111111111111,0.058620128,0.058540132,-0.000079996
D23kWycwyQa81ww6fAmsZ671FjyDJD8nRzSXAw9VHMmUUzbVwyRPVC96Rzw1dUZHNwXvmyh5UC4Hsdb2PQSGZAy,Ckbi1nHQoLEJDLt58rm5EJaqPFsDS6V8FbCs5hYZQuQU,true,2025-05-30T09:40:21.000Z,solana,Transfer,0.000079996,true,PYTH,HZ1JovNiVvGrGNiiYvEozEVgZ58xaU3RKwX8eACQBCt3,187664.319449,187564.319449,-100
2VdaaKtjncc6WrN5dhn41NfQNVKZRqkwno1VyttGW1iwwgtCg6gvTDDeuXGQYxbpNJwy4khNSNy1UqooFX37FWH2,Ckbi1nHQoLEJDLt58rm5EJaqPFsDS6V8FbCs5hYZQuQU,false,2025-05-25T18:01:14.000Z,solana,Transfer,,true,SOL,11111111111111111111111111111111,0.058610128,0.058620128,0.00001
4uzBJwHo6bdwfzjzfLmPdeaWALLR8eR6notcvQt1N2nXc2jDeCPeFLbYKQ2F1f69h9WkvgRjAZJQ2bhDJP4Kmq78,Ckbi1nHQoLEJDLt58rm5EJaqPFsDS6V8FbCs5hYZQuQU,false,2025-05-25T18:01:09.000Z,solana,Transfer,,true,PYTH,HZ1JovNiVvGrGNiiYvEozEVgZ58xaU3RKwX8eACQBCt3,187664.318449,187664.319449,0.0009999999892897904
2RcJ1rRpKdpPGMPkboNzN9V2P3B5TE5qR3B4k8XXELWjjbdNamSBPVoCtr4R4BpPkyLSLaEGGBJW6KaCYm6bGzJF,Ckbi1nHQoLEJDLt58rm5EJaqPFsDS6V8FbCs5hYZQuQU,false,2025-05-25T17:45:59.000Z,solana,Transfer,,true,SOL,11111111111111111111111111111111,0.058600128,0.058610128,0.00001
5dKKuvwmvFbokar8ci9PYfgj8kFCwaewuK8GgZ9QJPGYrCKnM5Uun3G7z8bnNxJYUEzEPqwLRes9hPXo7xHscKEz,Ckbi1nHQoLEJDLt58rm5EJaqPFsDS6V8FbCs5hYZQuQU,false,2025-05-25T17:45:56.000Z,solana,Transfer,,true,PYTH,HZ1JovNiVvGrGNiiYvEozEVgZ58xaU3RKwX8eACQBCt3,164.318449,187664.318449,187500
5V2FWGjXyKuaWcGrb7WrWN6RgjDLoQAjWQjqCeLnvWq7yV2sPYdWKtnEtGQgXA5tfQmCCC2Fu9rWgfTzYs3qSDKS,Ckbi1nHQoLEJDLt58rm5EJaqPFsDS6V8FbCs5hYZQuQU,true,2025-04-01T02:01:58.000Z,solana,Transfer,0.000079996,true,SOL,11111111111111111111111111111111,0.058680124,0.058600128,-0.000079996
5V2FWGjXyKuaWcGrb7WrWN6RgjDLoQAjWQjqCeLnvWq7yV2sPYdWKtnEtGQgXA5tfQmCCC2Fu9rWgfTzYs3qSDKS,Ckbi1nHQoLEJDLt58rm5EJaqPFsDS6V8FbCs5hYZQuQU,true,2025-04-01T02:01:58.000Z,solana,Transfer,0.000079996,true,PYTH,HZ1JovNiVvGrGNiiYvEozEVgZ58xaU3RKwX8eACQBCt3,32664.318449,164.318449,-32500
2BQJQri9NvbxVCrv1E9Ux3rAXHE1U9mb9ixRFpSSUajjzPThqgoYyCFTH1aoMEL2dqudqtFau3pzVoNBbkJwE1hh,Ckbi1nHQoLEJDLt58rm5EJaqPFsDS6V8FbCs5hYZQuQU,false,2025-04-01T02:00:39.000Z,solana,Transfer,,true,SOL,11111111111111111111111111111111,0.058680123,0.058680124,1e-9
3EA6ESp7Lr7xFxEYDKQF2XmDNNCjo6wJ4s9o8HAD72i9uwoVytWQnD7Bj4XdcMQFZ3gesJbHUyRb777Fyzpf3TcY,Ckbi1nHQoLEJDLt58rm5EJaqPFsDS6V8FbCs5hYZQuQU,false,2025-04-01T02:00:39.000Z,solana,Transfer,,true,SOL,11111111111111111111111111111111,0.058680122,0.058680123,1e-9
ZdWjV23iYr5NeDcrSHGAxbjd5bZRuBVUhGCkv5oojwwohWKuyKNUyMYxBPb4dvoFvH5BzZs8qrKCNBV4NYry7vz,Ckbi1nHQoLEJDLt58rm5EJaqPFsDS6V8FbCs5hYZQuQU,false,2025-04-01T02:00:30.000Z,solana,Transfer,,true,SOL,11111111111111111111111111111111,0.058680121,0.058680122,1e-9
27LaSm2bGx6kCUGj9X1f6ADSEYL7oC2uvQjrAvRoE9XVkPcV58bttQPqeRuCcHKJe2EWsve2165RcDkeezA3jnH2,Ckbi1nHQoLEJDLt58rm5EJaqPFsDS6V8FbCs5hYZQuQU,true,2025-04-01T02:00:29.000Z,pyth,Staking,0.00008,true,SOL,11111111111111111111111111111111,0.058760121,0.058680121,-0.00008
27LaSm2bGx6kCUGj9X1f6ADSEYL7oC2uvQjrAvRoE9XVkPcV58bttQPqeRuCcHKJe2EWsve2165RcDkeezA3jnH2,Ckbi1nHQoLEJDLt58rm5EJaqPFsDS6V8FbCs5hYZQuQU,true,2025-04-01T02:00:29.000Z,pyth,Staking,0.00008,true,PYTH,HZ1JovNiVvGrGNiiYvEozEVgZ58xaU3RKwX8eACQBCt3,154.731771,32664.318449,32509.586678
4f14NDsJHFXscA3SFvGHhAwfPfVHU3dBB9GcuzDm9zkhaiV7NwNynFwHqJMUbBbgg4Z71RScdhwuiYJp7W5h6vGe,Ckbi1nHQoLEJDLt58rm5EJaqPFsDS6V8FbCs5hYZQuQU,true,2025-03-07T05:49:08.000Z,solana,Transfer,0.00008,true,SOL,11111111111111111111111111111111,0.098840121,0.058760121,-0.04008
9y2AWbMFotQM93Pw1oF8mT2UMd25XadRuVmr4m2fKFJiE4VUFBd1JRFS56X3XVQfCRzUFjYwY8PDqyU972AKmnc,Ckbi1nHQoLEJDLt58rm5EJaqPFsDS6V8FbCs5hYZQuQU,true,2025-03-07T05:42:29.000Z,solana,Transfer,0.00008,true,SOL,11111111111111111111111111111111,0.108920121,0.098840121,-0.01008
2c5UzhZs273NK94fRTcSR1753jh7BhoXrx7sctfHxNvVBQSiVtjBFHioti6pGqwUrcYKCAw9D8VtvvNHRkvaPjMu,Ckbi1nHQoLEJDLt58rm5EJaqPFsDS6V8FbCs5hYZQuQU,false,2025-03-06T20:10:10.000Z,solana,Transfer,,true,SOL,11111111111111111111111111111111,0.108919121,0.108920121,0.000001
33c5TdstzmX5k4nqSb3dnoLG1jMMS2e7zLQFifFQspfmMoRc2zAa4RWobvzZkJ9dz53x8tV7REv11cnYo6PfXqhd,Ckbi1nHQoLEJDLt58rm5EJaqPFsDS6V8FbCs5hYZQuQU,true,2025-03-06T09:23:56.000Z,solana,Transfer,0.000079996,true,SOL,11111111111111111111111111111111,0.108999117,0.108919121,-0.000079996
33c5TdstzmX5k4nqSb3dnoLG1jMMS2e7zLQFifFQspfmMoRc2zAa4RWobvzZkJ9dz53x8tV7REv11cnYo6PfXqhd,Ckbi1nHQoLEJDLt58rm5EJaqPFsDS6V8FbCs5hYZQuQU,true,2025-03-06T09:23:56.000Z,solana,Transfer,0.000079996,true,PYTH,HZ1JovNiVvGrGNiiYvEozEVgZ58xaU3RKwX8eACQBCt3,224754.729525,154.729525,-224600
3NWM6f5EEZorLhFFd2FWwvmmico78Fwmpv8AnDShaKRha7F5XQLrjVmkTK6m83FmvNouk4cBhstRZVmN3TDg4kvR,Ckbi1nHQoLEJDLt58rm5EJaqPFsDS6V8FbCs5hYZQuQU,false,2025-03-06T09:21:43.000Z,solana,Transfer,,true,SOL,11111111111111111111111111111111,0.108989117,0.108999117,0.00001
4Nk7c21ZjqEVWfuf8aJcdbSTatRctgZiELzxjrfVLfhDDRJEFPxgwxkpTz6tT3QGGMb24pfn4vMQNyab1HMjep3P,Ckbi1nHQoLEJDLt58rm5EJaqPFsDS6V8FbCs5hYZQuQU,false,2025-03-06T09:21:24.000Z,solana,Transfer,,true,SOL,11111111111111111111111111111111,0.108989109,0.108989117,8e-9
3nvTZN4YBhRJBQ8RLzp8ouHVxFYYfCcY3giz7ZJvGARFV7St1rPVhVkHpJ65swiKnunKrjhYpao3i5kL7QX4xHsp,Ckbi1nHQoLEJDLt58rm5EJaqPFsDS6V8FbCs5hYZQuQU,false,2025-03-06T09:21:24.000Z,solana,Transfer,,true,SOL,11111111111111111111111111111111,0.108989103,0.108989109,6e-9
3kgZakvFxEK1XffUV42S7JZis8kLVU5BwBWQUj5SMrXF9EuQ82VqBmSK8VC3DzEcDg3k1s7aWDRVPwgZzNT3LqUK,Ckbi1nHQoLEJDLt58rm5EJaqPFsDS6V8FbCs5hYZQuQU,false,2025-03-06T09:21:24.000Z,solana,Transfer,,true,SOL,11111111111111111111111111111111,0.108989101,0.108989103,2e-9
qWW4yFs5uYeLEwH8ZucEj5dF6LKjFcw6YGoRAxsPKBr2wY7NTbvRcASjpvHoJZUXss9hSxk5LM562qVEqzjc6cg,Ckbi1nHQoLEJDLt58rm5EJaqPFsDS6V8FbCs5hYZQuQU,false,2025-03-06T09:21:24.000Z,solana,Transfer,,true,SOL,11111111111111111111111111111111,0.108989097,0.108989101,4e-9
spoxmchgnGnMeX2FSxp3EadKUvuqVtNmmMa29Q493EEZ6MR8nE2YfFuq947vcDysjPa8hVspW7sAfjRUpfPiRDh,Ckbi1nHQoLEJDLt58rm5EJaqPFsDS6V8FbCs5hYZQuQU,true,2025-03-06T09:19:15.000Z,phantom,Transfer,0.00008,true,SOL,11111111111111111111111111111111,0.111108377,0.108989097,-0.00211928
spoxmchgnGnMeX2FSxp3EadKUvuqVtNmmMa29Q493EEZ6MR8nE2YfFuq947vcDysjPa8hVspW7sAfjRUpfPiRDh,Ckbi1nHQoLEJDLt58rm5EJaqPFsDS6V8FbCs5hYZQuQU,true,2025-03-06T09:19:15.000Z,phantom,Transfer,0.00008,true,PYTH,HZ1JovNiVvGrGNiiYvEozEVgZ58xaU3RKwX8eACQBCt3,224904.729524,224754.729524,-150
59xM4qu5yB4e9o965Y9bg3XQ7CDJCejgdPeKKpMTAquKT3BDdwCsJ975PsMf6a9hp7o55x9BJHgZXJdwfE1Ci3Bh,Ckbi1nHQoLEJDLt58rm5EJaqPFsDS6V8FbCs5hYZQuQU,false,2025-03-06T09:16:08.000Z,solana,Transfer,,true,SOL,11111111111111111111111111111111,0.111108376,0.111108377,1e-9
3Q8jqoB2nURo4Wc65r3gPt4nHZ6MqH9JkwxNzpF1SVdoEkXs33pa4MwSUZLZpUvjDavYMruoVAgNc2wXLFrvfdr5,Ckbi1nHQoLEJDLt58rm5EJaqPFsDS6V8FbCs5hYZQuQU,true,2025-03-06T09:16:02.000Z,pyth,Staking,0.00008,true,SOL,11111111111111111111111111111111,0.111188376,0.111108376,-0.00008
3Q8jqoB2nURo4Wc65r3gPt4nHZ6MqH9JkwxNzpF1SVdoEkXs33pa4MwSUZLZpUvjDavYMruoVAgNc2wXLFrvfdr5,Ckbi1nHQoLEJDLt58rm5EJaqPFsDS6V8FbCs5hYZQuQU,true,2025-03-06T09:16:02.000Z,pyth,Staking,0.00008,true,PYTH,HZ1JovNiVvGrGNiiYvEozEVgZ58xaU3RKwX8eACQBCt3,188009.884006,224904.729524,36894.84551799999
2X8Mu37UJGmKzBsCLaGDbmcmMfGmKGRXDEmooems92XsZoV4TXHWeApJvhRGAfDcfpDsz6wZyGHNk6ys327ztMCw,Ckbi1nHQoLEJDLt58rm5EJaqPFsDS6V8FbCs5hYZQuQU,false,2025-02-20T18:19:42.000Z,solana,Transfer,,true,SOL,11111111111111111111111111111111,0.111178376,0.111188376,0.00001
4hst3it7DL2wzWk7cdqhsypwcUSCZUPTQZDEQkr1yd1EEB67PkTryr5m4minSum4UCrziY1npPupuzSzYDfNfSqc,Ckbi1nHQoLEJDLt58rm5EJaqPFsDS6V8FbCs5hYZQuQU,false,2025-02-20T18:19:35.000Z,solana,Transfer,,true,SOL,11111111111111111111111111111111,0.11117837,0.111178376,6e-9
HVdwV11913WQEZ7fJqJF6FfYpn4RY6n94Tkep1XQ6g8HeRLLSZ89PHEgf2VbMd1MChCA3zs1N3NMPtdwTEXdmfa,Ckbi1nHQoLEJDLt58rm5EJaqPFsDS6V8FbCs5hYZQuQU,false,2025-02-20T18:19:35.000Z,solana,Transfer,,true,SOL,11111111111111111111111111111111,0.111178368,0.11117837,2e-9
4VDp2m47bUEgE51faETeA5Q69RuZMTTp4KuTG2fRJF6sxneyt27suM1rXexHyQfnys9TvP2UJJxmKAf6edxyU2Ut,Ckbi1nHQoLEJDLt58rm5EJaqPFsDS6V8FbCs5hYZQuQU,false,2025-02-20T18:19:35.000Z,solana,Transfer,,true,SOL,11111111111111111111111111111111,0.111178364,0.111178368,4e-9
5JY76inpSCSmd2b6frT2gjj81tzosw5RKcb86kJc4SJnidEBhr3gGHpAqBLwxhXDtNcpYLGcYBnGHNyvjKgUGhVi,Ckbi1nHQoLEJDLt58rm5EJaqPFsDS6V8FbCs5hYZQuQU,false,2025-02-20T18:19:35.000Z,solana,Transfer,,true,SOL,11111111111111111111111111111111,0.111178356,0.111178364,8e-9
332BD177RPcKeTaVk2inGKcSLQm97du6otozFMge2fSReSBYtrws6TZQRHx2wGrmD8Yzmj2rX6PGR64UyhMq896k,Ckbi1nHQoLEJDLt58rm5EJaqPFsDS6V8FbCs5hYZQuQU,false,2025-02-20T18:18:41.000Z,solana,Transfer,,true,SOL,11111111111111111111111111111111,0.111168356,0.111178356,0.00001
3XVpaPwtjrnU8rXNn6c3YYwL1baYzBDekJHu1upyDah7LyVHdGG9po9uVWP8ZzFBxaV8tTYEPDwBAJRtC4cuKTn1,Ckbi1nHQoLEJDLt58rm5EJaqPFsDS6V8FbCs5hYZQuQU,false,2025-02-20T18:18:38.000Z,solana,Transfer,,true,SOL,11111111111111111111111111111111,0.11116835,0.111168356,6e-9
3RTRfJ1rsQghQAaxukNoNv9syu9g2DhUP4LM2rwPULT9DFyhoNCpmk4UMbTtDMwqfvCkEvapd1cnpJW2pw5ctGnP,Ckbi1nHQoLEJDLt58rm5EJaqPFsDS6V8FbCs5hYZQuQU,false,2025-02-20T18:18:38.000Z,solana,Transfer,,true,SOL,11111111111111111111111111111111,0.111168346,0.11116835,4e-9
5fdyGzZss28hWg69eukFByYPSY4Mpf68BMjbpDJGk8Cv11fkRzUrokSPLLjLRa9xPc8ftBEuHocVCV3Jm7NPR3v3,Ckbi1nHQoLEJDLt58rm5EJaqPFsDS6V8FbCs5hYZQuQU,false,2025-02-20T18:18:38.000Z,solana,Transfer,,true,SOL,11111111111111111111111111111111,0.111168338,0.111168346,8e-9
jvcM6RbjqpfuqzxcNHw5q8BPZbnYSA2iAsmmevXQFXizojayfigbZwPh3PRQYr3ku1BTpaA8SrbM1qFvpQseoEM,Ckbi1nHQoLEJDLt58rm5EJaqPFsDS6V8FbCs5hYZQuQU,false,2025-02-20T18:18:38.000Z,solana,Transfer,,true,SOL,11111111111111111111111111111111,0.111168336,0.111168338,2e-9
4SH6GRvByUNTMHJg2SNZVBFHATpsMPo5zaWVHgsM9cjZZeeKSLYW167bxvbNn1CqJCbHToKYqXXNAVjd6UnLGBHP,Ckbi1nHQoLEJDLt58rm5EJaqPFsDS6V8FbCs5hYZQuQU,false,2025-02-20T18:14:18.000Z,solana,Transfer,,true,SOL,11111111111111111111111111111111,0.111158336,0.111168336,0.00001
4nmKvBS4qErM6NMT8roewFA6qEyVQUdq1fKZtYU7QuG2f5yLo2Vw6UVzZGvHVtmrm3p4e6wyNARcaq3ZkXhbppTA,Ckbi1nHQoLEJDLt58rm5EJaqPFsDS6V8FbCs5hYZQuQU,false,2025-02-20T18:13:27.000Z,solana,Transfer,,true,SOL,11111111111111111111111111111111,0.111148336,0.111158336,0.00001
5nXcX5iFgJMfa6NG6x6TpLBMFunVMCk2yEWkoeWtzAhuVhP3Y9WDETRr8Bp1EV2y1EMXyCcuViZrmPnZfWhGWdrj,Ckbi1nHQoLEJDLt58rm5EJaqPFsDS6V8FbCs5hYZQuQU,false,2025-02-05T00:41:14.000Z,solana,Transfer,,true,SOL,11111111111111111111111111111111,0.111148236,0.111148336,1e-7
2gJ9BNYL6RX3XBj7XZoGkwx6pDeuVhsm7w8XSH2uxZSUhmqKa27dHf1bnxjwdAXZBP9nX15VLWPe4Ez7kStxGVxv,Ckbi1nHQoLEJDLt58rm5EJaqPFsDS6V8FbCs5hYZQuQU,false,2025-02-05T00:41:14.000Z,solana,Transfer,,true,SOL,11111111111111111111111111111111,0.111148136,0.111148236,1e-7
2V8EW79DpJMSzTMK7esJRMbABqqGCuLe5shDDz24v4uWuaaxpeQRwej49SZjDcciXRQ5VRjbn7W3ajvUWavYodm2,Ckbi1nHQoLEJDLt58rm5EJaqPFsDS6V8FbCs5hYZQuQU,false,2025-02-05T00:41:10.000Z,solana,Transfer,,true,SOL,11111111111111111111111111111111,0.111148036,0.111148136,1e-7
4kArmCEjdGxAnVEqa9VeBGv2Zj8HUdLi1tu7MvLk8dyvu3ZpQcbvcFdo8SEy6cbvhSYFJKUnmzFbPz2qtMtFCJWT,Ckbi1nHQoLEJDLt58rm5EJaqPFsDS6V8FbCs5hYZQuQU,false,2025-02-05T00:02:03.000Z,solana,Transfer,,true,SOL,11111111111111111111111111111111,0.111147036,0.111148036,0.000001
4iK6hboHQChNihbQ6ps2jy7HHxcovD91fsa8DDzMrdYMjKhEkDgAPvCHtLm9WkGdRbBYkUhzDu4Q5hSsEQoFPej7,Ckbi1nHQoLEJDLt58rm5EJaqPFsDS6V8FbCs5hYZQuQU,false,2025-02-05T00:01:52.000Z,solana,Transfer,,true,SOL,11111111111111111111111111111111,0.111147028,0.111147036,8e-9
aiKBjWVyvvX5pLSdmHHJ2kmNewyt73YuPCRy8nLcGVYVGA5hQGqxXEyk9KaWAF6Tt5mznZQxb3aviv8BEMBFnvU,Ckbi1nHQoLEJDLt58rm5EJaqPFsDS6V8FbCs5hYZQuQU,false,2025-02-05T00:01:52.000Z,solana,Transfer,,true,SOL,11111111111111111111111111111111,0.111147022,0.111147028,6e-9
28H9sTa9DP2oyLEarEyGDMVTX5zKV4U1uPzcg1g2XTWmvb4f6zjSp5YyYSUtevkcXBX74aY9Py3ot1ze3Asb63Uy,Ckbi1nHQoLEJDLt58rm5EJaqPFsDS6V8FbCs5hYZQuQU,false,2025-02-05T00:01:52.000Z,solana,Transfer,,true,SOL,11111111111111111111111111111111,0.111147018,0.111147022,4e-9
52PQbtRAa4Dzxwob9sNUriS5KZNkqwhBa99MJQ8t1mffPyTKW9WfJxkW7VVxHLNA9hA1xckBwWpazrUcZMHNxBWc,Ckbi1nHQoLEJDLt58rm5EJaqPFsDS6V8FbCs5hYZQuQU,false,2025-02-05T00:01:52.000Z,solana,Transfer,,true,SOL,11111111111111111111111111111111,0.111147016,0.111147018,2e-9
3eGn86ZM1a9ovftUH8yzEPy65HeDkE6ZMZiFjQtU8faTuzeznxicM3ReBhuBjZr8ZJJeqcr2eMuYoDQskYUxMfm4,Ckbi1nHQoLEJDLt58rm5EJaqPFsDS6V8FbCs5hYZQuQU,true,2025-02-04T23:57:20.000Z,solana,Transfer,0.000155001,true,SOL,11111111111111111111111111111111,0.111302017,0.111147016,-0.000155001
3eGn86ZM1a9ovftUH8yzEPy65HeDkE6ZMZiFjQtU8faTuzeznxicM3ReBhuBjZr8ZJJeqcr2eMuYoDQskYUxMfm4,Ckbi1nHQoLEJDLt58rm5EJaqPFsDS6V8FbCs5hYZQuQU,true,2025-02-04T23:57:20.000Z,solana,Transfer,0.000155001,true,PYTH,HZ1JovNiVvGrGNiiYvEozEVgZ58xaU3RKwX8eACQBCt3,22564.883004,509.883004,-22055
2xuHSBAeX5hAuZWxBgYD52uvN134C1K2nVWpsd86DvDXsorYorjox83vHqaPHipHSUFJuaH7yBLC8XFiZVcCcD2T,Ckbi1nHQoLEJDLt58rm5EJaqPFsDS6V8FbCs5hYZQuQU,false,2025-02-04T23:54:09.000Z,solana,Transfer,,true,SOL,11111111111111111111111111111111,0.111301917,0.111302017,1e-7
5smzwMwkaJTd4bbkxSCr2cnUvJaeQAnKcnu6NypT3GhbZjk8d4TxUpJm56vsUULour42eUBKkTGbFzbCzBRPevGA,Ckbi1nHQoLEJDLt58rm5EJaqPFsDS6V8FbCs5hYZQuQU,false,2025-02-04T23:54:09.000Z,solana,Transfer,,true,SOL,11111111111111111111111111111111,0.111301817,0.111301917,1e-7
2tWTgwX2NTQZmRMhPo5kJCAFHegfJZAKdHxKx8wk9ARzPbvBS8RmhK7D9QMr8AfUmCiUi3o1ex8LDHdkMFMnivno,Ckbi1nHQoLEJDLt58rm5EJaqPFsDS6V8FbCs5hYZQuQU,false,2025-02-04T23:54:03.000Z,solana,Transfer,,true,SOL,11111111111111111111111111111111,0.111301717,0.111301817,1e-7
2BvYjRycfe4GFYqYeSbZY53jtNnBATvdisxjDQF5BJjbMLAjNHGfCbbGoTqL2zmYReGfFDJCMUZXwGxWgDjgXNrR,Ckbi1nHQoLEJDLt58rm5EJaqPFsDS6V8FbCs5hYZQuQU,true,2025-02-04T23:54:01.000Z,pyth,Staking,0.000155,true,SOL,11111111111111111111111111111111,0.111456717,0.111301717,-0.000155
2BvYjRycfe4GFYqYeSbZY53jtNnBATvdisxjDQF5BJjbMLAjNHGfCbbGoTqL2zmYReGfFDJCMUZXwGxWgDjgXNrR,Ckbi1nHQoLEJDLt58rm5EJaqPFsDS6V8FbCs5hYZQuQU,true,2025-02-04T23:54:01.000Z,pyth,Staking,0.000155,true,PYTH,HZ1JovNiVvGrGNiiYvEozEVgZ58xaU3RKwX8eACQBCt3,509.883004,22564.883004,22055
129NDxcjAjk7tT3utHbjkJLNADkXq56W7vUxpbzQRYTcgJyqQPmfdL82hGNtoDGttUA3deqU2ZUzYiG5UYxARKoi,Ckbi1nHQoLEJDLt58rm5EJaqPFsDS6V8FbCs5hYZQuQU,false,2025-01-06T07:27:11.000Z,solana,Transfer,,true,SOL,11111111111111111111111111111111,0.111446717,0.111456717,0.00001
44jf3Zr3R9k9KQVjpJw74zBpqCgrEf8AqUABBnWYYBmtMmYjUNURPDUUh5yAFPBuJLnrFXHEfU5xBnGSevvkt9a,Ckbi1nHQoLEJDLt58rm5EJaqPFsDS6V8FbCs5hYZQuQU,true,2025-01-06T07:27:03.000Z,solana,Transfer,0.000015001,true,SOL,11111111111111111111111111111111,0.111461718,0.111446717,-0.000015001
44jf3Zr3R9k9KQVjpJw74zBpqCgrEf8AqUABBnWYYBmtMmYjUNURPDUUh5yAFPBuJLnrFXHEfU5xBnGSevvkt9a,Ckbi1nHQoLEJDLt58rm5EJaqPFsDS6V8FbCs5hYZQuQU,true,2025-01-06T07:27:03.000Z,solana,Transfer,0.000015001,true,PYTH,HZ1JovNiVvGrGNiiYvEozEVgZ58xaU3RKwX8eACQBCt3,62659.883004,509.883004,-62150
2jG2YRJEn1U3ejTc1Pw25uCz6wU9YMmK1SRmRbbpuAAsRqV77WcCYT3Xwbt49E5oMC75n668GDY1B4bH1gMC65k3,Ckbi1nHQoLEJDLt58rm5EJaqPFsDS6V8FbCs5hYZQuQU,false,2025-01-06T07:25:10.000Z,solana,Transfer,,true,SOL,11111111111111111111111111111111,0.111461618,0.111461718,1e-7
DnZVtNMB2av2mAGBNisiFmX1f9phfx4AVpG2bqnrc93SrZv1RWemQPVAFeyHy6kf9PCZrDj22UjyJH5dGuPWoZi,Ckbi1nHQoLEJDLt58rm5EJaqPFsDS6V8FbCs5hYZQuQU,false,2025-01-06T07:25:10.000Z,solana,Transfer,,true,SOL,11111111111111111111111111111111,0.111461518,0.111461618,1e-7
3FwKZwMf1tXY6QZfucAQT2mdXo6EDRq6rd7p4C1wpbYFT9rBEcd6keyK37coDradzXF9X5PRFifkFgJAFWq5tgYE,Ckbi1nHQoLEJDLt58rm5EJaqPFsDS6V8FbCs5hYZQuQU,false,2025-01-06T07:25:07.000Z,solana,Transfer,,true,SOL,11111111111111111111111111111111,0.111461418,0.111461518,1e-7
5Q2u5EFJgkvnpxcpkoLkuHJSA7YujtZ8pVKE1AYhbiybDisKDtuZovVGY4uMG1dS5VFsXkxMeJs3QJKtDcwgxRvS,Ckbi1nHQoLEJDLt58rm5EJaqPFsDS6V8FbCs5hYZQuQU,true,2025-01-06T07:25:05.000Z,pyth,Staking,0.000025,true,SOL,11111111111111111111111111111111,0.111486418,0.111461418,-0.000025
5Q2u5EFJgkvnpxcpkoLkuHJSA7YujtZ8pVKE1AYhbiybDisKDtuZovVGY4uMG1dS5VFsXkxMeJs3QJKtDcwgxRvS,Ckbi1nHQoLEJDLt58rm5EJaqPFsDS6V8FbCs5hYZQuQU,true,2025-01-06T07:25:05.000Z,pyth,Staking,0.000025,true,PYTH,HZ1JovNiVvGrGNiiYvEozEVgZ58xaU3RKwX8eACQBCt3,547.271876,62659.883004,62112.611128000004
5Qcy6tfEDWW8LxL3UKhTazcpTjhGgQtCxEU6Qxubtp778vkW5XFTa569T4hGQXLny7uWP2VhrjChy6SZrp7EVCwM,Ckbi1nHQoLEJDLt58rm5EJaqPFsDS6V8FbCs5hYZQuQU,false,2024-12-03T07:41:58.000Z,solana,Transfer,,true,SOL,11111111111111111111111111111111,0.111476418,0.111486418,0.00001
nqv5k7PMNABogEcBaLetxkHNAXvBRBmsVjyzKyzZXdJYCHrMHFRzLhQoWwxKHMpdVNxrBUn7QY9XUHeM4syu3Eg,Ckbi1nHQoLEJDLt58rm5EJaqPFsDS6V8FbCs5hYZQuQU,true,2024-12-03T07:41:51.000Z,solana,Transfer,0.000015001,true,SOL,11111111111111111111111111111111,0.111491419,0.111476418,-0.000015001
nqv5k7PMNABogEcBaLetxkHNAXvBRBmsVjyzKyzZXdJYCHrMHFRzLhQoWwxKHMpdVNxrBUn7QY9XUHeM4syu3Eg,Ckbi1nHQoLEJDLt58rm5EJaqPFsDS6V8FbCs5hYZQuQU,true,2024-12-03T07:41:51.000Z,solana,Transfer,0.000015001,true,PYTH,HZ1JovNiVvGrGNiiYvEozEVgZ58xaU3RKwX8eACQBCt3,188047.271875,547.271875,-187500
3YTMoGVuwXhdbTdRqtvL4tv9YPmT23WSMgJ4GfNxVDSGxAYHEeSv4rcamg6q5uTRJ6AVhsS3bN639jpSTfbzTorS,Ckbi1nHQoLEJDLt58rm5EJaqPFsDS6V8FbCs5hYZQuQU,false,2024-12-03T07:35:13.000Z,solana,Transfer,,true,SOL,11111111111111111111111111111111,0.111490419,0.111491419,0.000001
AycYYrnmLS2VnWVj5feCXLB7eqEUAVbwQWwSD7aajHxCPQjDb6q8v3kB7vTPBbrV5MpP4st8RwooUvMxbTGPJJr,Ckbi1nHQoLEJDLt58rm5EJaqPFsDS6V8FbCs5hYZQuQU,false,2024-12-03T07:31:32.000Z,solana,Transfer,,true,SOL,11111111111111111111111111111111,0.111480419,0.111490419,0.00001
oto1ybSq9Wr1XcCVuCRUt78CyvYpGaEgrGFfS311kEpkWpv5UvMD6bBRNEcp2r2UuUtnJu2Xn1x7UzwEm67uRRK,Ckbi1nHQoLEJDLt58rm5EJaqPFsDS6V8FbCs5hYZQuQU,true,2024-12-03T07:31:26.000Z,solana,Transfer,0.000015001,true,SOL,11111111111111111111111111111111,0.11149542,0.111480419,-0.000015001
oto1ybSq9Wr1XcCVuCRUt78CyvYpGaEgrGFfS311kEpkWpv5UvMD6bBRNEcp2r2UuUtnJu2Xn1x7UzwEm67uRRK,Ckbi1nHQoLEJDLt58rm5EJaqPFsDS6V8FbCs5hYZQuQU,true,2024-12-03T07:31:26.000Z,solana,Transfer,0.000015001,true,PYTH,HZ1JovNiVvGrGNiiYvEozEVgZ58xaU3RKwX8eACQBCt3,218547.271874,188047.271874,-30500
EMenvQnChAUN1eUuF1Puktjhx4T1LEGgd99v6EZgb5QtYsfnZ1GxWaLJw2e3fs1aQgLutUKkmbprBew5DAgz2bv,Ckbi1nHQoLEJDLt58rm5EJaqPFsDS6V8FbCs5hYZQuQU,false,2024-12-03T07:28:18.000Z,solana,Transfer,,true,SOL,11111111111111111111111111111111,0.11149532,0.11149542,1e-7
4x9mX5MogZzDmWjC7J3MjjkRW6bbW5JS9q9ArPRz3TBDbJeEV8J5ATfnYvhu7VnBiPeProq7bDx8UpJijvYej9VF,Ckbi1nHQoLEJDLt58rm5EJaqPFsDS6V8FbCs5hYZQuQU,false,2024-12-03T07:28:18.000Z,solana,Transfer,,true,SOL,11111111111111111111111111111111,0.11149522,0.11149532,1e-7
ABKttbTTGRBkfrfRowDipL6Tp5zEWki1QvzpH4dJY9bEDuvxFpYkzTLkDqHKH9nwtMtd7wrRyweV2c22Z9er8W3,Ckbi1nHQoLEJDLt58rm5EJaqPFsDS6V8FbCs5hYZQuQU,false,2024-12-03T07:28:18.000Z,solana,Transfer,,true,SOL,11111111111111111111111111111111,0.11149512,0.11149522,1e-7
3nrmfRhEQCppmGaARbXE8dsJjdun7UGJzayXk6aVx1WMGZLhguHAHUDE6jxCS61CsH6V9TszpiLwhwSkv9z1vjHQ,Ckbi1nHQoLEJDLt58rm5EJaqPFsDS6V8FbCs5hYZQuQU,false,2024-12-03T07:28:18.000Z,solana,Transfer,,true,SOL,11111111111111111111111111111111,0.11149502,0.11149512,1e-7
TGbCaDbnXUuk82dMWxEN3Jvxd3d4mnTQoJEVXNa6VTuq6H7muYbMf7sVEWL9RyCKhpvSoyNx65KZsps5N3Whjsz,Ckbi1nHQoLEJDLt58rm5EJaqPFsDS6V8FbCs5hYZQuQU,false,2024-12-03T07:28:17.000Z,solana,Transfer,,true,SOL,11111111111111111111111111111111,0.11149492,0.11149502,1e-7
3jChbKDdzdoRCq6LRx9gBvyo6B2fsrnr1kkUJQhT74u94KTEAb9bL3S8RgM9YLh76V3gv74saJuQdQAdsKyYQycj,Ckbi1nHQoLEJDLt58rm5EJaqPFsDS6V8FbCs5hYZQuQU,true,2024-12-03T07:28:15.000Z,pyth,Staking,0.000025,true,SOL,11111111111111111111111111111111,0.11151992,0.11149492,-0.000025
3jChbKDdzdoRCq6LRx9gBvyo6B2fsrnr1kkUJQhT74u94KTEAb9bL3S8RgM9YLh76V3gv74saJuQdQAdsKyYQycj,Ckbi1nHQoLEJDLt58rm5EJaqPFsDS6V8FbCs5hYZQuQU,true,2024-12-03T07:28:15.000Z,pyth,Staking,0.000025,true,PYTH,HZ1JovNiVvGrGNiiYvEozEVgZ58xaU3RKwX8eACQBCt3,187961.000002,218547.271874,30586.271872000012
468YkHVdgpSkhLYB5nNqtDQ44AtxwLquGKKDd3VpQCUSuhgJqFCGWVJueLF2kHuDiFco4w8cUhUhLSKD3aEkhCrK,Ckbi1nHQoLEJDLt58rm5EJaqPFsDS6V8FbCs5hYZQuQU,false,2024-11-20T15:55:12.000Z,solana,Transfer,,true,SOL,11111111111111111111111111111111,0.11150992,0.11151992,0.00001
5mk8xrYkaYUfZViQyZgFW7rBfKizM1wmcnSmQgC8ybRfCtfyC6h8VCWujxfdxkSKtZvMU7ooP3t9DYyUX4Uvma82,Ckbi1nHQoLEJDLt58rm5EJaqPFsDS6V8FbCs5hYZQuQU,false,2024-11-20T15:54:51.000Z,solana,Transfer,,true,SOL,11111111111111111111111111111111,0.111509918,0.11150992,2e-9
3HNaiXMV9AERARwyJ3srmYQJYAT3hEzqoTjY3zJJ4KKpZLkXxmuHna5TkvE6ZULMpRjPapngXPtxRgqCsPqF3rVV,Ckbi1nHQoLEJDLt58rm5EJaqPFsDS6V8FbCs5hYZQuQU,false,2024-11-20T15:54:23.000Z,solana,Transfer,,true,SOL,11111111111111111111111111111111,0.111508918,0.111509918,0.000001
2qp1obNwUXNawfhCWdqJWJvGb6YKV2Lb2QotCbuYV6s41x74h4CCNq5joxzVjmM3UiBREAFvDQTTQcvBwY8gyFyB,Ckbi1nHQoLEJDLt58rm5EJaqPFsDS6V8FbCs5hYZQuQU,false,2024-11-04T06:19:02.000Z,solana,Transfer,,true,SOL,11111111111111111111111111111111,0.111507918,0.111508918,0.000001
5Zo97H7piyGdUXAnZmiZwNcZUCoAqX2FfzUgJzMJpZzS839Natas6p6eMWYLop57sadXM6H59f7ukDkPZCG19eVc,Ckbi1nHQoLEJDLt58rm5EJaqPFsDS6V8FbCs5hYZQuQU,false,2024-11-04T06:17:12.000Z,,,,true,SOL,11111111111111111111111111111111,0.111507917,0.111507918,1e-9
5Zo97H7piyGdUXAnZmiZwNcZUCoAqX2FfzUgJzMJpZzS839Natas6p6eMWYLop57sadXM6H59f7ukDkPZCG19eVc,Ckbi1nHQoLEJDLt58rm5EJaqPFsDS6V8FbCs5hYZQuQU,false,2024-11-04T06:17:12.000Z,,,,true,PYTH,HZ1JovNiVvGrGNiiYvEozEVgZ58xaU3RKwX8eACQBCt3,461,461.000001,9.999999974752427e-7
39H4dWNpfvr4AnLFSVgJWkYPkawmdAfNYya5iZfMBNt2EHQAvPH5hkA219tTJ2hBDLMizb5g2XkgZSqTW3inj5a2,Ckbi1nHQoLEJDLt58rm5EJaqPFsDS6V8FbCs5hYZQuQU,true,2024-11-04T06:17:06.000Z,solana,Transfer,0.000015001,true,SOL,11111111111111111111111111111111,0.111522918,0.111507917,-0.000015001
39H4dWNpfvr4AnLFSVgJWkYPkawmdAfNYya5iZfMBNt2EHQAvPH5hkA219tTJ2hBDLMizb5g2XkgZSqTW3inj5a2,Ckbi1nHQoLEJDLt58rm5EJaqPFsDS6V8FbCs5hYZQuQU,true,2024-11-04T06:17:06.000Z,solana,Transfer,0.000015001,true,PYTH,HZ1JovNiVvGrGNiiYvEozEVgZ58xaU3RKwX8eACQBCt3,16461,461,-16000
4roxaEAVq51hWbfE6uEKfuNzmZDUvo9AA8rNSpdVhgLdXouYazLUfk8Vt7RDeDYyFftdrpSNvMJvKeXe8KJLzhHG,Ckbi1nHQoLEJDLt58rm5EJaqPFsDS6V8FbCs5hYZQuQU,false,2024-11-04T06:16:30.000Z,solana,Transfer,,true,SOL,11111111111111111111111111111111,0.111522818,0.111522918,1e-7
5rct1ZKwhryVMJmGLDuwua5nSuuHUSno8MHwhy2zNeTtvkV2Q7K7DJymT7cchooqph3H4fZTpoZ72wFmLhqWjasm,Ckbi1nHQoLEJDLt58rm5EJaqPFsDS6V8FbCs5hYZQuQU,false,2024-11-04T06:16:30.000Z,solana,Transfer,,true,SOL,11111111111111111111111111111111,0.111522718,0.111522818,1e-7
wbDVG9psvmTdH5BhmZqWJ7nQgv5bRHMyyueTgSZV7G255Sh75RN2LnSUjqcydXp95SaNTKKCt9W8YZq6YnC6p7q,Ckbi1nHQoLEJDLt58rm5EJaqPFsDS6V8FbCs5hYZQuQU,false,2024-11-04T06:16:30.000Z,solana,Transfer,,true,SOL,11111111111111111111111111111111,0.111522618,0.111522718,1e-7
3m1zkJjh6cph1b1TcudWfvasAXny92vrJg6MZS4GjCZtPg5NFP5YmF8XyfjcdtpqnWmaSmRtLTosFFMGQFquzDhU,Ckbi1nHQoLEJDLt58rm5EJaqPFsDS6V8FbCs5hYZQuQU,false,2024-11-04T06:16:29.000Z,solana,Transfer,,true,SOL,11111111111111111111111111111111,0.111522518,0.111522618,1e-7
5JNiRuVgXNVWqVjMV8ux59EyhdcZm5Y4ex9zEZgasbCYHLwuSWyjbenumCf2J8jmQLK6Kmnf5dtBMiU1qYaFN4K1,Ckbi1nHQoLEJDLt58rm5EJaqPFsDS6V8FbCs5hYZQuQU,false,2024-11-04T06:16:21.000Z,solana,Transfer,,true,SOL,11111111111111111111111111111111,0.111522418,0.111522518,1e-7
3uDhUMrovzinNCmxXdVqnQgv4A38sMuGLhLWpsXjbModTmNFiEiAnKodfqo3m6M52rYRZeeXC7PccypxH2zUCYLJ,Ckbi1nHQoLEJDLt58rm5EJaqPFsDS6V8FbCs5hYZQuQU,true,2024-11-04T06:16:05.000Z,pyth,Staking,0.000025,true,SOL,11111111111111111111111111111111,0.111547418,0.111522418,-0.000025
3uDhUMrovzinNCmxXdVqnQgv4A38sMuGLhLWpsXjbModTmNFiEiAnKodfqo3m6M52rYRZeeXC7PccypxH2zUCYLJ,Ckbi1nHQoLEJDLt58rm5EJaqPFsDS6V8FbCs5hYZQuQU,true,2024-11-04T06:16:05.000Z,pyth,Staking,0.000025,true,PYTH,HZ1JovNiVvGrGNiiYvEozEVgZ58xaU3RKwX8eACQBCt3,1461,16461,15000
4Uv9HsRrAbUL25hxCQhDsNWigq6vL1eoyhTUR3HkRUeUCbQ96t8z5bnMrgP4YVGXuaCUHnv538pSDoYo1wRBzsux,Ckbi1nHQoLEJDLt58rm5EJaqPFsDS6V8FbCs5hYZQuQU,true,2024-11-04T06:15:31.000Z,pyth,Staking,0.000025,true,SOL,11111111111111111111111111111111,0.111572418,0.111547418,-0.000025
4Uv9HsRrAbUL25hxCQhDsNWigq6vL1eoyhTUR3HkRUeUCbQ96t8z5bnMrgP4YVGXuaCUHnv538pSDoYo1wRBzsux,Ckbi1nHQoLEJDLt58rm5EJaqPFsDS6V8FbCs5hYZQuQU,true,2024-11-04T06:15:31.000Z,pyth,Staking,0.000025,true,PYTH,HZ1JovNiVvGrGNiiYvEozEVgZ58xaU3RKwX8eACQBCt3,461,1461,1000
53ZAgE8AjWyNCQV4kiGUU5FJh4Xr49bvjfSrHiZKWkNHL37XDVhRceHAa1wbCyFaX2ytjUiE2yg9SEis6yZZKtVq,Ckbi1nHQoLEJDLt58rm5EJaqPFsDS6V8FbCs5hYZQuQU,false,2024-10-04T08:27:13.000Z,solana,Transfer,,true,SOL,11111111111111111111111111111111,0.111572318,0.111572418,1e-7
4hNSdmGksGJPMmJEpeQKdP3ehoF6cJW11CKstXmfUWV9tPx5UFkosgmwmbiUZrywnPfyESQb1pPU9fG22pZVaaUc,Ckbi1nHQoLEJDLt58rm5EJaqPFsDS6V8FbCs5hYZQuQU,false,2024-10-04T08:27:13.000Z,solana,Transfer,,true,SOL,11111111111111111111111111111111,0.111572218,0.111572318,1e-7
2621qdYZaS7pJJyMB723HU8oaBVQ7bDvoyZocoRoLUAw37VSmLWx4EDou9zLhm6uyHw75GkV14eRrA5QYzEVu3gi,Ckbi1nHQoLEJDLt58rm5EJaqPFsDS6V8FbCs5hYZQuQU,false,2024-10-04T08:27:09.000Z,solana,Transfer,,true,SOL,11111111111111111111111111111111,0.111572118,0.111572218,1e-7
2gjNcTTst45wfV3k7MgNySaztX8efzH7PaRXNierW5jNg7Ph8BaToWEmMY9WdxkAJYgtUCui6eHBVEVwApq78JNg,Ckbi1nHQoLEJDLt58rm5EJaqPFsDS6V8FbCs5hYZQuQU,true,2024-10-04T08:27:07.000Z,pyth,Staking,0.000025,true,SOL,11111111111111111111111111111111,0.111597118,0.111572118,-0.000025
2gjNcTTst45wfV3k7MgNySaztX8efzH7PaRXNierW5jNg7Ph8BaToWEmMY9WdxkAJYgtUCui6eHBVEVwApq78JNg,Ckbi1nHQoLEJDLt58rm5EJaqPFsDS6V8FbCs5hYZQuQU,true,2024-10-04T08:27:07.000Z,pyth,Staking,0.000025,true,PYTH,HZ1JovNiVvGrGNiiYvEozEVgZ58xaU3RKwX8eACQBCt3,61,461,400
23TZTjtZGaeLdrtpUtatbuZvwDym6pf9uQeMtSRRUt72UWfdZ9Ek5CADkWJAZ2yvQ86SY6rHHbDLXPtb6DTwqY1J,Ckbi1nHQoLEJDLt58rm5EJaqPFsDS6V8FbCs5hYZQuQU,false,2024-09-26T12:05:09.000Z,solana,Transfer,,true,SOL,11111111111111111111111111111111,0.111596118,0.111597118,0.000001
28VhekgSt6NFkssAwHM3b615HsXRfoi152qMyc33a2QssMcrArK987yd4C5dP9iQH425SPa4QQpjgZBJKeqLRv7B,Ckbi1nHQoLEJDLt58rm5EJaqPFsDS6V8FbCs5hYZQuQU,false,2024-09-26T12:03:52.000Z,solana,Transfer,,true,SOL,11111111111111111111111111111111,0.086596118,0.111596118,0.025
3i5zn5NDb1PDitz9xG449CZD3kDfDPbsXqcgByTecs8zPYoBF83iY13nq8Mbh7ZjQaEDCQrv7E36kSMcSKBwkJ2Q,Ckbi1nHQoLEJDLt58rm5EJaqPFsDS6V8FbCs5hYZQuQU,true,2024-09-26T11:51:32.000Z,pyth,Integrity Pool,0.000025,false,SOL,11111111111111111111111111111111,0.086621118,0.086596118,-0.000025
2uFaQ5aua7K2qXYm54pczMLq9BpiF9bstqompscCMcei3M2vafpwfgUaf9RFvUTAeKG6LCiZYkpXQe6JfoYmbYjy,Ckbi1nHQoLEJDLt58rm5EJaqPFsDS6V8FbCs5hYZQuQU,false,2024-09-26T11:50:14.000Z,solana,Transfer,,true,SOL,11111111111111111111111111111111,0.086621018,0.086621118,1e-7
FbjZW2zgcsRZSMk5NHdirL6vWtrozR6xvqHNgh4Rjwsxu31yxw2kwV3dPNT958MBPjYJaujx9tMnAU2FxuX4P2Q,Ckbi1nHQoLEJDLt58rm5EJaqPFsDS6V8FbCs5hYZQuQU,false,2024-09-26T11:50:14.000Z,solana,Transfer,,true,SOL,11111111111111111111111111111111,0.086620918,0.086621018,1e-7
yQhw5uMs3fRBapZC3THx1KLMsFwUiPvtzUpxZf3hgxa5dyyU4cbvuVoZsrs9mjdjuaDoP8BUBLm4tZo2nVaVrLZ,Ckbi1nHQoLEJDLt58rm5EJaqPFsDS6V8FbCs5hYZQuQU,true,2024-09-26T11:50:05.000Z,solana,Transfer,0.000025,true,SOL,11111111111111111111111111111111,0.086645918,0.086620918,-0.000025
yQhw5uMs3fRBapZC3THx1KLMsFwUiPvtzUpxZf3hgxa5dyyU4cbvuVoZsrs9mjdjuaDoP8BUBLm4tZo2nVaVrLZ,Ckbi1nHQoLEJDLt58rm5EJaqPFsDS6V8FbCs5hYZQuQU,true,2024-09-26T11:50:05.000Z,solana,Transfer,0.000025,true,PYTH,HZ1JovNiVvGrGNiiYvEozEVgZ58xaU3RKwX8eACQBCt3,111,61,-50
2dBmA5bjgwrpJFyrNnawMt6XETuGscTaAtuyTmV4zxNGYqmcRDDH7SWiZZdVk4nR2GfvWBpDajoiS2x1Vd5JHfMR,Ckbi1nHQoLEJDLt58rm5EJaqPFsDS6V8FbCs5hYZQuQU,false,2024-09-06T04:33:17.000Z,solana,Transfer,,true,SOL,11111111111111111111111111111111,0.086645818,0.086645918,1e-7
3sjMVyBnuK8qNNLX34Z99oUHaUpHgWdqjCDuF51GP1sEdLVTPvuUsvDedfWJDbWeroKTDMqJFUhTB27TsFzL71fn,Ckbi1nHQoLEJDLt58rm5EJaqPFsDS6V8FbCs5hYZQuQU,true,2024-09-06T04:29:31.000Z,solana,Transfer,0.000015001,true,SOL,11111111111111111111111111111111,0.086660819,0.086645818,-0.000015001
3sjMVyBnuK8qNNLX34Z99oUHaUpHgWdqjCDuF51GP1sEdLVTPvuUsvDedfWJDbWeroKTDMqJFUhTB27TsFzL71fn,Ckbi1nHQoLEJDLt58rm5EJaqPFsDS6V8FbCs5hYZQuQU,true,2024-09-06T04:29:31.000Z,solana,Transfer,0.000015001,true,PYTH,HZ1JovNiVvGrGNiiYvEozEVgZ58xaU3RKwX8eACQBCt3,187511,111,-187400
QSXMXkjzkUZiZB2Da3MKqamkv6q5FAeiam7eRLkrszUEGb9FQQGtYB7d9JMyNj1qvfrYzfZZgW5FCGLZ2dt8FcS,Ckbi1nHQoLEJDLt58rm5EJaqPFsDS6V8FbCs5hYZQuQU,false,2024-09-06T04:19:32.000Z,solana,Transfer,,true,SOL,11111111111111111111111111111111,0.086660719,0.086660819,1e-7
2NdTDt3V5jLjUr9XMSh13AAGYmAg9q3Gf4fbxQGNVWDZDkJDRoCDWVe33kRwHt8bYSqo1x6wKDX8GewYhVuDxVKh,Ckbi1nHQoLEJDLt58rm5EJaqPFsDS6V8FbCs5hYZQuQU,false,2024-09-06T04:19:31.000Z,solana,Transfer,,true,SOL,11111111111111111111111111111111,0.086660619,0.086660719,1e-7
c9xxZM6Vw7UnNTmLbZwkz8xj5abKvHYeTFMsHMTTPJCNdB3rxGsZWu96LxrW2gB1HGxFK6swB9zNAKDW4RkF28t,Ckbi1nHQoLEJDLt58rm5EJaqPFsDS6V8FbCs5hYZQuQU,true,2024-09-06T04:18:48.000Z,solana,Transfer,0.000015001,true,SOL,11111111111111111111111111111111,0.08667562,0.086660619,-0.000015001
c9xxZM6Vw7UnNTmLbZwkz8xj5abKvHYeTFMsHMTTPJCNdB3rxGsZWu96LxrW2gB1HGxFK6swB9zNAKDW4RkF28t,Ckbi1nHQoLEJDLt58rm5EJaqPFsDS6V8FbCs5hYZQuQU,true,2024-09-06T04:18:48.000Z,solana,Transfer,0.000015001,true,PYTH,HZ1JovNiVvGrGNiiYvEozEVgZ58xaU3RKwX8eACQBCt3,187611,187511,-100
2v33fa8rvBWZXWTaKhCDgTaMnm8wbkE6tP85Hpx3w6pcfs7nBEbrorHdXCHzUwGULskhe8K48NHxPazFomd6mtrF,Ckbi1nHQoLEJDLt58rm5EJaqPFsDS6V8FbCs5hYZQuQU,true,2024-05-20T04:09:10.000Z,solana,Transfer,0.000005779,true,SOL,11111111111111111111111111111111,0.086681399,0.08667562,-0.000005779
2v33fa8rvBWZXWTaKhCDgTaMnm8wbkE6tP85Hpx3w6pcfs7nBEbrorHdXCHzUwGULskhe8K48NHxPazFomd6mtrF,Ckbi1nHQoLEJDLt58rm5EJaqPFsDS6V8FbCs5hYZQuQU,true,2024-05-20T04:09:10.000Z,solana,Transfer,0.000005779,true,PYTH,HZ1JovNiVvGrGNiiYvEozEVgZ58xaU3RKwX8eACQBCt3,249111,111,-249000
MWuPL8fuWXqD3P3A4p4w5AqyJapbsrqZw58CBW9MHb9RWCn3SjfnNBHEXPymT4umaPvc7xjc8Dj8L5Ye7yymWt6,Ckbi1nHQoLEJDLt58rm5EJaqPFsDS6V8FbCs5hYZQuQU,true,2024-05-20T04:06:29.000Z,solana,Transfer,0.000005779,true,SOL,11111111111111111111111111111111,0.086687178,0.086681399,-0.000005779
MWuPL8fuWXqD3P3A4p4w5AqyJapbsrqZw58CBW9MHb9RWCn3SjfnNBHEXPymT4umaPvc7xjc8Dj8L5Ye7yymWt6,Ckbi1nHQoLEJDLt58rm5EJaqPFsDS6V8FbCs5hYZQuQU,true,2024-05-20T04:06:29.000Z,solana,Transfer,0.000005779,true,PYTH,HZ1JovNiVvGrGNiiYvEozEVgZ58xaU3RKwX8eACQBCt3,249911,249111,-800
5F5T3ieZbxfK82pJ1kzgQX8Ye6GoM7JUystLQcvw3zSA4u7SYGfq5xRZ2uytSVDbkyhwWuRCdrTor9nweHZKoXEA,Ckbi1nHQoLEJDLt58rm5EJaqPFsDS6V8FbCs5hYZQuQU,true,2024-05-20T04:00:49.000Z,pyth,Staking,0.000015,true,SOL,11111111111111111111111111111111,0.086702178,0.086687178,-0.000015
5F5T3ieZbxfK82pJ1kzgQX8Ye6GoM7JUystLQcvw3zSA4u7SYGfq5xRZ2uytSVDbkyhwWuRCdrTor9nweHZKoXEA,Ckbi1nHQoLEJDLt58rm5EJaqPFsDS6V8FbCs5hYZQuQU,true,2024-05-20T04:00:49.000Z,pyth,Staking,0.000015,true,PYTH,HZ1JovNiVvGrGNiiYvEozEVgZ58xaU3RKwX8eACQBCt3,218661,249911,31250
5i41cyvziJB6Z2FZp6eXaxkwZbfYEt3jdsP6RvkaQn4GfZc3yu5xjvx1jvwe3GC5CkjEyx29WpsoeUZYP6iuJ4uK,Ckbi1nHQoLEJDLt58rm5EJaqPFsDS6V8FbCs5hYZQuQU,true,2024-05-20T03:59:13.000Z,pyth,Staking,0.000015,true,SOL,11111111111111111111111111111111,0.086717178,0.086702178,-0.000015
5i41cyvziJB6Z2FZp6eXaxkwZbfYEt3jdsP6RvkaQn4GfZc3yu5xjvx1jvwe3GC5CkjEyx29WpsoeUZYP6iuJ4uK,Ckbi1nHQoLEJDLt58rm5EJaqPFsDS6V8FbCs5hYZQuQU,true,2024-05-20T03:59:13.000Z,pyth,Staking,0.000015,true,PYTH,HZ1JovNiVvGrGNiiYvEozEVgZ58xaU3RKwX8eACQBCt3,87411,218661,131250
2sZgKZtT5T4ra4B9s67PUSiNoLCvmuawjSv1cPeK8xhwyJWzZWFbHPxPmefb2XELzqBMfvNcCh839kzvXjx7R5x1,Ckbi1nHQoLEJDLt58rm5EJaqPFsDS6V8FbCs5hYZQuQU,true,2024-05-20T03:58:06.000Z,pyth,Staking,0.000015,true,SOL,11111111111111111111111111111111,0.086732178,0.086717178,-0.000015
2sZgKZtT5T4ra4B9s67PUSiNoLCvmuawjSv1cPeK8xhwyJWzZWFbHPxPmefb2XELzqBMfvNcCh839kzvXjx7R5x1,Ckbi1nHQoLEJDLt58rm5EJaqPFsDS6V8FbCs5hYZQuQU,true,2024-05-20T03:58:06.000Z,pyth,Staking,0.000015,true,PYTH,HZ1JovNiVvGrGNiiYvEozEVgZ58xaU3RKwX8eACQBCt3,911,87411,86500
66idJx9wQ3keGRvcpsgjr5bh7UeP3yavNuwhpAoJxXXypCNmWYqD59U79fLtse8rDxt8quNWcKzdj7QpDaAHYxCF,Ckbi1nHQoLEJDLt58rm5EJaqPFsDS6V8FbCs5hYZQuQU,true,2024-05-20T03:49:19.000Z,solana,Transfer,0.000005779,true,SOL,11111111111111111111111111111111,0.086737957,0.086732178,-0.000005779
66idJx9wQ3keGRvcpsgjr5bh7UeP3yavNuwhpAoJxXXypCNmWYqD59U79fLtse8rDxt8quNWcKzdj7QpDaAHYxCF,Ckbi1nHQoLEJDLt58rm5EJaqPFsDS6V8FbCs5hYZQuQU,true,2024-05-20T03:49:19.000Z,solana,Transfer,0.000005779,true,PYTH,HZ1JovNiVvGrGNiiYvEozEVgZ58xaU3RKwX8eACQBCt3,1111,911,-200
5ETLEEqpvWUDgMHP63nmziiAr6wWFKVAs3tpdVsMVVfv5BKBaDYt4ZHfhZ8qbceBxANgvFcoDp8ydZdrom9cdDGY,Ckbi1nHQoLEJDLt58rm5EJaqPFsDS6V8FbCs5hYZQuQU,true,2024-05-20T03:40:57.000Z,pyth,Staking,0.000015,true,SOL,11111111111111111111111111111111,0.086752957,0.086737957,-0.000015
5ETLEEqpvWUDgMHP63nmziiAr6wWFKVAs3tpdVsMVVfv5BKBaDYt4ZHfhZ8qbceBxANgvFcoDp8ydZdrom9cdDGY,Ckbi1nHQoLEJDLt58rm5EJaqPFsDS6V8FbCs5hYZQuQU,true,2024-05-20T03:40:57.000Z,pyth,Staking,0.000015,true,PYTH,HZ1JovNiVvGrGNiiYvEozEVgZ58xaU3RKwX8eACQBCt3,611,1111,500
irpDiRijaeX4PHXUrkF1JRNcNKZzvdPY6XsuCS8QU2C1tKSy6Gqs46tthX9zt3Byg99W2UKFst2iPrQsJcYeqsX,Ckbi1nHQoLEJDLt58rm5EJaqPFsDS6V8FbCs5hYZQuQU,true,2024-05-20T03:17:20.000Z,pyth,Staking,0.000015,true,SOL,11111111111111111111111111111111,0.086767957,0.086752957,-0.000015
irpDiRijaeX4PHXUrkF1JRNcNKZzvdPY6XsuCS8QU2C1tKSy6Gqs46tthX9zt3Byg99W2UKFst2iPrQsJcYeqsX,Ckbi1nHQoLEJDLt58rm5EJaqPFsDS6V8FbCs5hYZQuQU,true,2024-05-20T03:17:20.000Z,pyth,Staking,0.000015,true,PYTH,HZ1JovNiVvGrGNiiYvEozEVgZ58xaU3RKwX8eACQBCt3,111,611,500
34ZQKtzdXwpVwN1uhyBaP1u8KtibarQruhvp4Xqm2YsXCnPhbrtDgaSzupUkvGVKhxtEBVaEKP9HpywjX7bTPfuQ,Ckbi1nHQoLEJDLt58rm5EJaqPFsDS6V8FbCs5hYZQuQU,true,2024-03-14T10:21:08.000Z,pyth,Staking,0.000024801,true,SOL,11111111111111111111111111111111,0.088303078,0.086767957,-0.001535121
XmbwGa794xXiYzJGPgXbLcSEXN8RhsckmuzvAgAjqWiDKZkZ4zyCtB5UpFvPyoxypdB9vK4SeKhBJsgVDKLyL1e,Ckbi1nHQoLEJDLt58rm5EJaqPFsDS6V8FbCs5hYZQuQU,true,2024-03-14T10:19:20.000Z,pyth,Governance,0.000027001,true,SOL,11111111111111111111111111111111,0.088330079,0.088303078,-0.000027001
3hUbfvEhKySvXpAQ9LPudwZeEj2Ued7Y5pXK9R8JDGhqKD4kwut1xi9pJAiBQ7rhjMXWiwdY5A36DMzE9eK8ZaoB,Ckbi1nHQoLEJDLt58rm5EJaqPFsDS6V8FbCs5hYZQuQU,true,2024-03-14T10:19:17.000Z,pyth,Staking,0.000071001,true,SOL,11111111111111111111111111111111,0.093983,0.088330079,-0.005652921
3DXLGwenuZ3c75aLk2defHRFtQPXyv2TwNhPx7y9GorXngJyeaLqng986ozsyK1pVdo56t8o42T97aN3bTxiXx1s,Ckbi1nHQoLEJDLt58rm5EJaqPFsDS6V8FbCs5hYZQuQU,true,2024-03-13T09:04:42.000Z,pyth,Staking,0.000005,true,SOL,11111111111111111111111111111111,0.093988,0.093983,-0.000005
4WfSYHvExftaMiVWPzouxopfQsaa2wMHQPpEQ7HEdUU48xZf8qhNMQMEXoeyiHFkxXfFV9qEmvtJEeMxSdyCN9Zk,Ckbi1nHQoLEJDLt58rm5EJaqPFsDS6V8FbCs5hYZQuQU,true,2024-03-13T09:02:31.000Z,pyth,Staking,0.000005,true,SOL,11111111111111111111111111111111,0.093993,0.093988,-0.000005
2u23eo1jxcWDr6VGKrC6Nm6zuCpaMq8XzxBHncSvV3DDwgvy8raBiHJFs25xie2uqCeQZQSmDYwAicxU1nxkWB4K,Ckbi1nHQoLEJDLt58rm5EJaqPFsDS6V8FbCs5hYZQuQU,true,2024-03-08T23:29:57.000Z,pyth,Staking,0.000005,true,SOL,11111111111111111111111111111111,0.093998,0.093993,-0.000005
4i3ycMYSuYp5qCF6uU5ng1hVTiaYiH5B55GxDr1wsergUoQAPB6x87J2oPipLK3G1Ssa3uUkTSPV9ZGBkdrwvCMg,Ckbi1nHQoLEJDLt58rm5EJaqPFsDS6V8FbCs5hYZQuQU,true,2024-03-08T23:24:26.000Z,,,0.000005,true,SOL,11111111111111111111111111111111,0.09510268,0.093998,-0.00110468
4AgXZLYuEycKMAfwUE3Jt8CcBdS2cWM5yd1W1rBsk9kofHCvrDnoddcoui2SHtZpFLATpdyefDA7qiSCe4V4e8BD,Ckbi1nHQoLEJDLt58rm5EJaqPFsDS6V8FbCs5hYZQuQU,true,2024-03-08T23:22:58.000Z,pyth,Staking,0.000005,true,SOL,11111111111111111111111111111111,0.09796128,0.09510268,-0.0028586
3rgZmXbP1MCRiRk2i4KH3wKi6n84JmtFBHLQDx4mhUm83C7m6mMxS5zDxmtCKiHjhDmLPkG81YfXGRffMMkVodU3,Ckbi1nHQoLEJDLt58rm5EJaqPFsDS6V8FbCs5hYZQuQU,false,2024-03-08T23:20:12.000Z,solana,Transfer,,true,SOL,11111111111111111111111111111111,0.00796128,0.09796128,0.09
39t71UKWoapUQR5JiBfVfG43xArzNZHu859K32NDTTdMQjuoNfzWJfJENySrCSwU2HRfgTHMvHEZq15KSxTYCmCw,Ckbi1nHQoLEJDLt58rm5EJaqPFsDS6V8FbCs5hYZQuQU,true,2024-01-31T05:20:13.000Z,solana,Transfer,0.000005,true,SOL,11111111111111111111111111111111,0.01296628,0.00796128,-0.005005
4DA16UvS33UcRBPoBqAKXQSsENaxQKnKAUYWpzVQmcsFhBm6ApDMPuFTGXFkMFRdZgbaUbATXyYweyzrhQH7Kmkb,Ckbi1nHQoLEJDLt58rm5EJaqPFsDS6V8FbCs5hYZQuQU,true,2024-01-31T05:19:13.000Z,solana,Transfer,0.000005,true,SOL,11111111111111111111111111111111,0.01297128,0.01296628,-0.000005
4DA16UvS33UcRBPoBqAKXQSsENaxQKnKAUYWpzVQmcsFhBm6ApDMPuFTGXFkMFRdZgbaUbATXyYweyzrhQH7Kmkb,Ckbi1nHQoLEJDLt58rm5EJaqPFsDS6V8FbCs5hYZQuQU,true,2024-01-31T05:19:13.000Z,solana,Transfer,0.000005,true,PYTH,HZ1JovNiVvGrGNiiYvEozEVgZ58xaU3RKwX8eACQBCt3,606,111,-495
39LCu3CcHMZmSeZ11cGr8bN5nKEfqRBjmmauGLUZTbYEn3YmrTGj7VQjRYGwNg4A8WnYfcxYG2Aqm4GtffreY1HY,Ckbi1nHQoLEJDLt58rm5EJaqPFsDS6V8FbCs5hYZQuQU,true,2024-01-31T05:16:22.000Z,solana,Transfer,0.000005,true,SOL,11111111111111111111111111111111,0.01501556,0.01297128,-0.00204428
39LCu3CcHMZmSeZ11cGr8bN5nKEfqRBjmmauGLUZTbYEn3YmrTGj7VQjRYGwNg4A8WnYfcxYG2Aqm4GtffreY1HY,Ckbi1nHQoLEJDLt58rm5EJaqPFsDS6V8FbCs5hYZQuQU,true,2024-01-31T05:16:22.000Z,solana,Transfer,0.000005,true,PYTH,HZ1JovNiVvGrGNiiYvEozEVgZ58xaU3RKwX8eACQBCt3,611,606,-5
3ZHYa54X6faxRn651a99DLiznZnLC4fFi2mYyzf6jXPK8nSmuU8YcYaAKqL9urxHEQBgj9eqhZhXfz8BNDMJZKsY,Ckbi1nHQoLEJDLt58rm5EJaqPFsDS6V8FbCs5hYZQuQU,true,2024-01-26T14:42:21.000Z,,,0.000005,true,SOL,11111111111111111111111111111111,0.01591144,0.01501556,-0.00089588
2AzHwMkJJueZs3kB5u48kc3CrJPKLwu1MtPgLfmtwS1xc3MzEv7eQ4K33SgtwW1XNsXgrNJneYKpxQtCnX6wkX7y,Ckbi1nHQoLEJDLt58rm5EJaqPFsDS6V8FbCs5hYZQuQU,false,2023-12-02T08:22:48.000Z,solana,Transfer,,true,JUPDROP,A3yeo3NhzeA8FpxKYEqJ6s2xzfgA1nNWDANj1wZF5aSA,0,1,1
4zvyQ2Jm6dYor227nTG9zfXgkZLREnSXCGZdVqJ39ZKCKoA16VxgZ81EotZa41NSozNqGdskX4b6yYc3NRv8bCck,Ckbi1nHQoLEJDLt58rm5EJaqPFsDS6V8FbCs5hYZQuQU,false,2023-12-01T18:12:59.000Z,solana,Transfer,,true,PYTH,9nzJCcRf3MDaD5XqCiGaDwWUoAEZFvSaYy2JETeyM6p7,0,1,1
5auvAZMtCpeHff7qF7ZUiUY9LGMt55qENz4XwABnxuXFN3ncxkAiXeauLzGoWyMpH2yaTf6sCjQF5DGS7QX6H8k3,Ckbi1nHQoLEJDLt58rm5EJaqPFsDS6V8FbCs5hYZQuQU,false,2023-11-26T14:27:13.000Z,solana,Transfer,,true,BK,FsJd1wnsChSj58E7TbYBE7EszfqqgLkg5jrXXaXnZRJC,0,1,1
4kvq6Ze4RfC4HPYnXE7KSMjHNh3oJByAN9T3k46Z2PhqhuGEJ5gBQLSYj82SnbiiYXjq72U4As51XvqXerAikjLq,Ckbi1nHQoLEJDLt58rm5EJaqPFsDS6V8FbCs5hYZQuQU,false,2023-11-26T13:49:07.000Z,solana,Transfer,,true,Pyth,EoW5GZjJeo45uqWe58HLKGg8obwrQ4BpurqdUJa16nng,0,1,1
2qqQpd7mfm1v1kgT3KQ3XZ6k922ZUTMhdRtz8uMcmKeXHxoQ9ud78pWtRRCLXMZ7dzVKGbcoNi7q6wwMqGYKfadF,Ckbi1nHQoLEJDLt58rm5EJaqPFsDS6V8FbCs5hYZQuQU,true,2023-11-20T02:25:16.000Z,solana,Transfer,0.000005,true,SOL,11111111111111111111111111111111,0.01795572,0.01591144,-0.00204428
2qqQpd7mfm1v1kgT3KQ3XZ6k922ZUTMhdRtz8uMcmKeXHxoQ9ud78pWtRRCLXMZ7dzVKGbcoNi7q6wwMqGYKfadF,Ckbi1nHQoLEJDLt58rm5EJaqPFsDS6V8FbCs5hYZQuQU,true,2023-11-20T02:25:16.000Z,solana,Transfer,0.000005,true,USDT,Es9vMFrzaCERmJfrF4H2FYD4KCoNkY11McCe8BenwNYB,1,0.5,-0.5
2z6JmMC5hbN5bhF7cmktappMqcecNcu5PBr6c5iEAXDaxybhYzU3FEBWM7dEbUgccMj3qKmqZd3n1WbUBK14M9Eg,Ckbi1nHQoLEJDLt58rm5EJaqPFsDS6V8FbCs5hYZQuQU,true,2023-11-18T01:50:51.000Z,solana,Create Token Account,0.000005,true,SOL,11111111111111111111111111111111,0.02,0.01795572,-0.00204428
iaUGXppKJcwPDFKwY3MfuBUmYLxZiw9VBVNCJ3HuvVVraemT7jRLLKrMQJ99efVy6jEKaFf2AQxf9u4thXLC2b2,Ckbi1nHQoLEJDLt58rm5EJaqPFsDS6V8FbCs5hYZQuQU,false,2023-11-18T01:46:26.000Z,solana,Transfer,,true,USDT,Es9vMFrzaCERmJfrF4H2FYD4KCoNkY11McCe8BenwNYB,0,1,1
3TJmwjnHsb27wQM6rbxmFq3wn87RhPAyC3w1vgz8vsA2GVMaBAZGVoBp6RwBygqCLP9Ha8QnFNtyxmZ23U5hmDjm,Ckbi1nHQoLEJDLt58rm5EJaqPFsDS6V8FbCs5hYZQuQU,false,2023-11-18T01:45:47.000Z,solana,Transfer,,true,SOL,11111111111111111111111111111111,0,0.02,0.02